income_id,date,amount,category,payment_method
1,2023-01-18,5000.15,Secondary,Bank Transfer
2,2023-09-24,305.55,Primary,Online
3,2022-07-18,1090.91,Primary,Online
4,2022-01-05,5182.12,Passive,Online
5,2022-07-12,8477.92,Passive,Online
6,2022-08-23,9527.19,Primary,Bank Transfer
7,2023-06-14,9501.52,Passive,Online
8,2023-01-17,5046.71,Primary,Bank Transfer
9,2022-07-06,2899.94,Primary,Online
10,2022-03-15,6783.16,Passive,Bank Transfer
11,2022-09-25,3685.37,Passive,Bank Transfer
12,2023-09-06,6180.93,Primary,Online
13,2023-08-26,1867.04,Secondary,Online
14,2023-07-27,5688.35,Secondary,Online
15,2022-07-04,9329.36,Passive,Bank Transfer
16,2023-11-10,746.45,Secondary,Online
17,2022-08-22,1246.1,Secondary,Online
18,2022-09-16,2977.72,Secondary,Online
19,2022-08-25,1142.39,Passive,Online
20,2023-11-06,8538.91,Primary,Online
21,2023-06-12,3621.23,Primary,Online
22,2023-01-28,5139.89,Passive,Bank Transfer
23,2023-04-23,1150.98,Primary,Online
24,2023-10-27,5649.72,Secondary,Bank Transfer
25,2022-09-03,6040.21,Passive,Bank Transfer
26,2023-07-24,1172.21,Primary,Online
27,2022-09-04,5718.18,Primary,Online
28,2023-03-15,4740.93,Secondary,Online
29,2023-06-29,4294.3,Passive,Bank Transfer
30,2023-04-26,7662.94,Passive,Bank Transfer
31,2023-12-25,2280.25,Secondary,Bank Transfer
32,2022-10-27,8113.69,Secondary,Bank Transfer
33,2022-05-09,5166.31,Passive,Bank Transfer
34,2023-02-04,8732.7,Passive,Bank Transfer
35,2023-09-14,2921.88,Passive,Bank Transfer
36,2023-12-16,7044.42,Passive,Bank Transfer
37,2023-05-01,1870.26,Primary,Online
38,2023-05-11,8855.89,Passive,Online
39,2022-05-18,8306.24,Passive,Online
40,2022-06-25,9733.84,Passive,Bank Transfer
41,2023-03-17,3344.06,Passive,Online
42,2022-04-05,933.93,Primary,Bank Transfer
43,2023-02-03,1151.36,Primary,Bank Transfer
44,2022-09-06,8442.45,Secondary,Bank Transfer
45,2023-02-24,2790.11,Primary,Online
46,2022-11-18,6329.16,Primary,Online
47,2022-05-04,2314.77,Secondary,Online
48,2023-04-30,3344.96,Primary,Online
49,2022-07-24,4811.65,Passive,Online
50,2022-05-10,8351.92,Passive,Bank Transfer
51,2023-05-04,5723.65,Passive,Online
52,2022-11-01,6947.69,Primary,Bank Transfer
53,2023-09-06,6141.69,Secondary,Bank Transfer
54,2023-07-05,2395.26,Secondary,Online
55,2022-01-23,9686.7,Secondary,Online
56,2023-07-14,1355.3,Primary,Online
57,2023-12-10,9088.73,Primary,Bank Transfer
58,2022-10-10,335.06,Passive,Online
59,2023-05-29,8274.11,Passive,Online
60,2023-01-13,2316.47,Passive,Online
61,2023-10-24,6810.23,Passive,Bank Transfer
62,2023-02-02,4180.14,Passive,Bank Transfer
63,2023-08-06,870.71,Passive,Bank Transfer
64,2022-06-29,1433.27,Secondary,Bank Transfer
65,2022-09-04,9078.54,Secondary,Bank Transfer
66,2023-08-31,7288.42,Secondary,Bank Transfer
67,2022-02-13,7371.96,Secondary,Bank Transfer
68,2022-10-17,1795.98,Passive,Bank Transfer
69,2022-01-01,6279.39,Primary,Bank Transfer
70,2022-05-31,7089.0,Passive,Online
71,2023-04-22,9218.06,Passive,Bank Transfer
72,2023-09-03,7501.74,Secondary,Bank Transfer
73,2022-10-30,8238.52,Secondary,Bank Transfer
74,2022-02-28,7630.13,Passive,Bank Transfer
75,2023-05-20,8852.5,Secondary,Bank Transfer
76,2023-01-27,8549.72,Secondary,Bank Transfer
77,2022-06-29,7830.03,Primary,Bank Transfer
78,2022-10-15,8392.44,Passive,Bank Transfer
79,2022-08-06,8086.13,Secondary,Online
80,2022-03-12,4409.84,Secondary,Bank Transfer
81,2023-02-10,6623.43,Secondary,Online
82,2023-05-24,8091.54,Passive,Bank Transfer
83,2022-09-23,3914.13,Primary,Bank Transfer
84,2023-02-22,9065.14,Primary,Bank Transfer
85,2023-09-25,6229.61,Primary,Online
86,2022-11-05,8600.66,Secondary,Online
87,2023-01-07,5639.82,Primary,Bank Transfer
88,2023-05-01,8497.21,Secondary,Online
89,2023-02-28,3531.55,Secondary,Online
90,2022-01-23,7456.93,Secondary,Online
91,2022-05-24,4942.34,Passive,Bank Transfer
92,2022-08-05,8633.46,Primary,Bank Transfer
93,2022-12-27,9784.17,Passive,Bank Transfer
94,2022-05-09,9604.98,Secondary,Online
95,2023-11-30,4387.12,Primary,Bank Transfer
96,2023-01-12,9347.52,Secondary,Online
97,2022-12-03,2459.02,Passive,Bank Transfer
98,2023-08-29,2180.4,Secondary,Bank Transfer
99,2023-07-12,8520.71,Primary,Bank Transfer
100,2023-05-28,3767.05,Secondary,Online
101,2023-10-19,4660.9,Secondary,Online
102,2023-01-17,4887.03,Passive,Bank Transfer
103,2022-04-08,8002.3,Primary,Online
104,2023-04-08,9315.82,Passive,Online
105,2023-05-24,9916.11,Primary,Online
106,2022-09-07,5199.84,Primary,Online
107,2022-01-31,9930.38,Passive,Online
108,2022-06-13,3304.61,Passive,Online
109,2022-10-07,8268.95,Secondary,Online
110,2023-02-11,5307.58,Primary,Bank Transfer
111,2022-01-21,1651.22,Primary,Online
112,2022-03-30,244.34,Secondary,Online
113,2023-08-12,446.52,Secondary,Online
114,2023-02-10,9355.16,Passive,Bank Transfer
115,2023-04-23,1968.8,Passive,Online
116,2023-06-10,8031.29,Primary,Online
117,2022-10-09,5195.06,Primary,Bank Transfer
118,2023-01-01,4789.0,Secondary,Bank Transfer
119,2022-09-05,9612.2,Primary,Online
120,2023-07-24,6589.17,Primary,Bank Transfer
121,2022-05-25,2856.58,Primary,Bank Transfer
122,2023-01-29,5245.98,Primary,Online
123,2022-06-12,9242.82,Secondary,Online
124,2023-07-16,6349.09,Primary,Bank Transfer
125,2022-02-10,3344.76,Passive,Online
126,2023-02-17,1268.83,Primary,Bank Transfer
127,2022-02-19,3909.98,Primary,Online
128,2023-09-29,5870.29,Secondary,Online
129,2022-07-02,6773.19,Passive,Online
130,2023-10-25,6601.12,Primary,Online
131,2023-07-31,4303.46,Primary,Online
132,2022-08-21,5303.6,Secondary,Bank Transfer
133,2022-01-23,359.73,Primary,Online
134,2022-12-04,7219.96,Primary,Bank Transfer
135,2023-12-19,8478.25,Primary,Online
136,2022-03-31,6097.71,Passive,Online
137,2022-11-25,9724.62,Secondary,Online
138,2023-01-01,5375.17,Primary,Bank Transfer
139,2023-01-05,4434.96,Primary,Bank Transfer
140,2022-03-23,9559.2,Passive,Online
141,2023-12-24,7261.18,Passive,Online
142,2023-12-03,3968.8,Primary,Online
143,2023-06-13,4192.06,Passive,Bank Transfer
144,2022-12-17,9273.26,Primary,Bank Transfer
145,2022-10-07,2627.73,Passive,Online
146,2022-02-02,8810.53,Primary,Bank Transfer
147,2023-09-01,2136.16,Passive,Online
148,2022-04-01,6092.89,Secondary,Online
149,2022-09-10,3396.41,Primary,Online
150,2022-01-16,7610.98,Primary,Online
151,2023-08-16,7558.01,Passive,Bank Transfer
152,2023-03-12,1599.79,Secondary,Online
153,2022-10-08,8642.81,Secondary,Online
154,2023-07-05,9119.69,Secondary,Online
155,2022-06-05,2059.44,Passive,Bank Transfer
156,2023-08-18,3191.69,Passive,Online
157,2023-04-24,3932.33,Primary,Online
158,2022-05-16,5587.6,Primary,Bank Transfer
159,2022-03-30,5825.75,Passive,Online
160,2023-04-28,1035.33,Passive,Bank Transfer
161,2023-07-25,6897.81,Primary,Bank Transfer
162,2023-06-14,4332.57,Passive,Bank Transfer
163,2023-01-13,9597.07,Secondary,Bank Transfer
164,2023-04-04,3312.49,Passive,Online
165,2023-08-05,2809.25,Primary,Online
166,2022-08-26,4774.37,Passive,Online
167,2023-10-05,6692.34,Secondary,Online
168,2023-09-27,1943.62,Passive,Online
169,2023-12-29,7624.86,Primary,Bank Transfer
170,2022-05-03,5348.18,Passive,Online
171,2023-09-17,2958.93,Secondary,Bank Transfer
172,2022-12-09,5467.25,Secondary,Bank Transfer
173,2023-02-20,4557.79,Passive,Online
174,2023-06-09,1926.96,Passive,Bank Transfer
175,2023-01-13,8584.24,Passive,Bank Transfer
176,2023-06-19,8891.75,Secondary,Online
177,2023-05-03,5769.74,Primary,Online
178,2023-11-04,911.21,Primary,Bank Transfer
179,2023-04-09,6876.86,Primary,Online
180,2023-07-10,6522.91,Passive,Online
181,2022-04-14,7602.05,Primary,Online
182,2022-06-09,3138.22,Passive,Online
183,2022-10-29,9201.28,Passive,Online
184,2023-08-06,3237.83,Passive,Online
185,2023-01-02,9243.9,Secondary,Online
186,2023-05-06,913.0,Passive,Online
187,2022-03-29,9271.1,Secondary,Online
188,2023-11-20,889.41,Passive,Bank Transfer
189,2022-05-26,4319.82,Secondary,Bank Transfer
190,2022-04-25,6932.76,Passive,Online
191,2022-02-19,2507.07,Primary,Bank Transfer
192,2022-02-11,3757.92,Secondary,Bank Transfer
193,2023-10-16,9201.18,Primary,Online
194,2022-11-16,7723.04,Primary,Bank Transfer
195,2022-10-23,3800.0,Passive,Online
196,2023-04-09,306.79,Passive,Online
197,2022-01-01,5150.65,Passive,Online
198,2023-11-12,6645.92,Primary,Online
199,2022-09-02,6480.02,Secondary,Bank Transfer
200,2023-07-07,3536.84,Passive,Online
201,2022-07-27,2350.01,Passive,Online
202,2023-09-18,8203.32,Secondary,Online
203,2023-02-07,1969.23,Primary,Online
204,2023-04-13,698.76,Passive,Online
205,2022-09-03,2368.77,Passive,Online
206,2023-08-06,8219.73,Secondary,Online
207,2022-09-25,6099.5,Primary,Online
208,2023-01-08,6950.65,Secondary,Online
209,2023-10-12,2505.49,Secondary,Online
210,2023-10-28,7380.09,Passive,Bank Transfer
211,2022-01-13,5932.85,Secondary,Bank Transfer
212,2022-04-19,7726.53,Primary,Online
213,2023-03-12,4281.58,Primary,Online
214,2023-02-12,9630.95,Passive,Online
215,2022-11-06,7134.43,Secondary,Online
216,2022-05-24,6078.98,Primary,Bank Transfer
217,2023-06-17,5620.7,Secondary,Bank Transfer
218,2023-11-03,3555.9,Secondary,Bank Transfer
219,2022-09-26,8104.54,Secondary,Online
220,2023-10-21,9106.03,Passive,Bank Transfer
221,2023-01-08,4963.96,Primary,Bank Transfer
222,2023-10-19,7164.02,Primary,Online
223,2023-04-12,6818.98,Passive,Online
224,2022-02-15,5474.61,Secondary,Online
225,2022-11-30,5698.02,Secondary,Online
226,2022-02-17,1180.55,Secondary,Bank Transfer
227,2023-09-14,9826.36,Primary,Online
228,2023-01-23,8709.73,Passive,Online
229,2022-04-19,7659.85,Secondary,Bank Transfer
230,2023-09-25,4856.68,Passive,Bank Transfer
231,2022-06-01,8414.18,Secondary,Bank Transfer
232,2022-12-18,3299.37,Primary,Online
233,2022-06-05,8352.21,Secondary,Bank Transfer
234,2023-05-02,7504.76,Primary,Bank Transfer
235,2022-01-08,2036.33,Secondary,Online
236,2023-01-28,2933.42,Secondary,Bank Transfer
237,2022-10-13,4621.13,Secondary,Bank Transfer
238,2023-02-07,7822.78,Secondary,Bank Transfer
239,2023-09-11,8039.54,Primary,Bank Transfer
240,2023-04-19,3292.52,Secondary,Bank Transfer
241,2022-08-15,1620.23,Primary,Online
242,2023-07-26,5918.93,Passive,Online
243,2022-06-08,4843.18,Secondary,Online
244,2022-08-29,63.45,Secondary,Online
245,2022-11-27,1674.46,Passive,Bank Transfer
246,2023-02-22,3110.97,Secondary,Online
247,2022-09-13,3380.41,Passive,Bank Transfer
248,2023-07-24,4980.8,Primary,Online
249,2022-07-31,7713.57,Passive,Bank Transfer
250,2022-04-12,3364.63,Passive,Online
251,2023-01-22,7545.5,Secondary,Bank Transfer
252,2023-05-27,9337.48,Passive,Online
253,2023-03-17,634.5,Primary,Bank Transfer
254,2022-01-02,4072.18,Secondary,Online
255,2023-01-22,4376.99,Primary,Bank Transfer
256,2022-02-20,182.64,Secondary,Online
257,2022-10-05,5390.19,Passive,Online
258,2023-10-30,6733.72,Secondary,Bank Transfer
259,2022-09-09,5871.18,Secondary,Online
260,2022-07-16,2879.1,Passive,Bank Transfer
261,2022-10-11,4537.21,Primary,Online
262,2022-06-25,6372.18,Passive,Bank Transfer
263,2022-06-18,7275.31,Passive,Online
264,2022-09-12,423.79,Passive,Online
265,2022-04-05,7313.01,Passive,Bank Transfer
266,2023-05-23,8238.13,Passive,Bank Transfer
267,2023-02-17,2138.28,Passive,Online
268,2022-07-29,9393.61,Primary,Bank Transfer
269,2022-06-14,8350.64,Passive,Online
270,2022-03-17,8441.59,Primary,Online
271,2023-10-25,8422.19,Secondary,Bank Transfer
272,2023-12-04,8143.35,Passive,Online
273,2022-12-26,1903.66,Secondary,Bank Transfer
274,2023-08-15,1512.58,Primary,Bank Transfer
275,2023-02-19,4229.15,Passive,Online
276,2023-05-26,6906.66,Secondary,Online
277,2023-05-22,484.28,Passive,Bank Transfer
278,2022-07-27,2133.14,Primary,Online
279,2022-12-27,5660.35,Passive,Online
280,2023-12-09,6288.94,Primary,Bank Transfer
281,2022-08-10,2515.31,Secondary,Bank Transfer
282,2022-06-26,1346.08,Primary,Online
283,2022-10-04,6574.61,Passive,Bank Transfer
284,2023-10-24,205.65,Passive,Bank Transfer
285,2022-11-04,9712.3,Primary,Online
286,2022-11-18,3928.36,Passive,Bank Transfer
287,2023-03-07,4552.05,Passive,Bank Transfer
288,2023-09-09,6545.5,Passive,Online
289,2022-05-19,8215.35,Passive,Bank Transfer
290,2023-12-08,1490.8,Passive,Online
291,2023-03-20,8343.12,Primary,Bank Transfer
292,2022-06-04,3995.78,Passive,Bank Transfer
293,2023-02-20,3086.41,Secondary,Online
294,2023-08-13,2860.53,Passive,Online
295,2023-10-21,4377.54,Secondary,Online
296,2022-01-09,3870.95,Primary,Bank Transfer
297,2023-11-07,2229.97,Passive,Online
298,2022-03-06,8900.44,Passive,Bank Transfer
299,2023-08-23,3796.82,Secondary,Online
300,2023-02-06,432.57,Passive,Bank Transfer
301,2023-12-20,8347.23,Passive,Online
302,2023-09-01,5782.04,Passive,Online
303,2023-03-16,3613.03,Secondary,Bank Transfer
304,2022-10-04,2884.95,Primary,Online
305,2022-11-11,1706.34,Primary,Online
306,2022-10-15,6116.22,Secondary,Online
307,2022-08-24,4391.01,Passive,Bank Transfer
308,2023-09-25,8977.92,Passive,Online
309,2023-01-05,1227.54,Primary,Online
310,2022-12-30,982.8,Secondary,Online
311,2022-05-31,8802.36,Secondary,Bank Transfer
312,2023-03-20,5952.73,Primary,Online
313,2022-08-13,7022.13,Primary,Online
314,2022-10-11,3173.11,Primary,Online
315,2023-05-18,3871.26,Secondary,Bank Transfer
316,2022-11-22,904.49,Primary,Online
317,2023-08-29,9570.28,Primary,Bank Transfer
318,2023-06-04,7880.26,Passive,Bank Transfer
319,2022-04-07,7149.57,Primary,Online
320,2022-06-10,8763.6,Primary,Online
321,2023-01-14,8318.98,Primary,Bank Transfer
322,2023-12-18,9659.15,Passive,Bank Transfer
323,2022-10-28,8181.35,Secondary,Online
324,2022-12-10,7231.15,Primary,Online
325,2022-01-29,7925.26,Primary,Bank Transfer
326,2022-12-20,2738.64,Primary,Bank Transfer
327,2023-10-06,1996.52,Primary,Bank Transfer
328,2023-10-18,6456.06,Passive,Online
329,2022-03-08,801.59,Secondary,Online
330,2023-05-29,9744.67,Secondary,Bank Transfer
331,2023-10-31,6879.3,Secondary,Online
332,2022-01-03,1999.05,Passive,Bank Transfer
333,2023-10-17,4394.46,Primary,Online
334,2023-11-06,1537.82,Primary,Online
335,2022-07-24,3796.17,Primary,Online
336,2022-07-05,7868.39,Passive,Bank Transfer
337,2023-04-19,51.63,Passive,Bank Transfer
338,2023-12-14,9344.63,Secondary,Bank Transfer
339,2023-03-12,6078.62,Passive,Online
340,2023-02-24,1504.79,Secondary,Bank Transfer
341,2023-08-11,7659.59,Primary,Bank Transfer
342,2022-04-04,9985.39,Secondary,Bank Transfer
343,2022-02-13,5922.23,Secondary,Bank Transfer
344,2022-03-10,2924.83,Secondary,Online
345,2023-02-03,7701.81,Primary,Bank Transfer
346,2022-08-03,2857.27,Secondary,Online
347,2022-12-13,5537.91,Secondary,Online
348,2023-02-19,4389.89,Secondary,Bank Transfer
349,2022-12-12,6317.11,Secondary,Online
350,2023-03-25,254.88,Secondary,Bank Transfer
351,2023-09-25,4995.81,Passive,Bank Transfer
352,2023-07-21,2403.65,Primary,Online
353,2022-10-12,9692.72,Secondary,Online
354,2023-05-21,2267.89,Passive,Online
355,2023-01-26,8919.05,Primary,Bank Transfer
356,2023-05-08,6107.62,Passive,Online
357,2023-02-22,2492.81,Primary,Bank Transfer
358,2022-02-02,3586.03,Primary,Bank Transfer
359,2022-04-06,1080.81,Primary,Bank Transfer
360,2023-10-07,7694.98,Primary,Online
361,2023-11-03,8862.66,Primary,Online
362,2022-10-22,6805.82,Passive,Online
363,2022-03-31,2719.6,Passive,Online
364,2023-06-12,9565.02,Passive,Bank Transfer
365,2022-05-31,5902.75,Primary,Bank Transfer
366,2023-05-02,8645.85,Primary,Online
367,2022-02-13,217.27,Passive,Online
368,2023-10-05,61.05,Passive,Online
369,2023-01-03,6256.86,Secondary,Online
370,2023-08-31,7884.77,Passive,Online
371,2023-06-06,3462.34,Secondary,Online
372,2022-02-17,5250.53,Primary,Bank Transfer
373,2022-10-16,4061.68,Secondary,Online
374,2022-08-23,9266.27,Primary,Online
375,2022-09-23,4354.54,Primary,Bank Transfer
376,2022-04-11,6810.83,Primary,Bank Transfer
377,2023-04-09,2049.71,Primary,Bank Transfer
378,2023-03-20,8633.3,Passive,Bank Transfer
379,2022-05-13,5550.53,Secondary,Online
380,2023-03-12,1123.06,Passive,Bank Transfer
381,2022-01-27,3733.0,Primary,Online
382,2023-09-12,7793.91,Passive,Bank Transfer
383,2023-03-29,5713.29,Passive,Online
384,2023-12-20,6586.21,Primary,Online
385,2022-10-19,1949.23,Passive,Online
386,2022-09-17,5020.22,Passive,Online
387,2022-04-08,6121.54,Passive,Online
388,2022-05-13,3875.53,Primary,Bank Transfer
389,2022-05-29,9364.89,Primary,Online
390,2022-09-13,5450.11,Passive,Bank Transfer
391,2022-09-26,8340.91,Passive,Bank Transfer
392,2022-05-05,694.08,Passive,Bank Transfer
393,2022-11-28,2481.46,Secondary,Online
394,2023-02-07,4122.09,Primary,Bank Transfer
395,2023-03-10,169.21,Passive,Online
396,2022-12-18,301.24,Passive,Bank Transfer
397,2022-09-22,130.94,Passive,Online
398,2023-06-13,4002.51,Secondary,Online
399,2023-04-21,9819.75,Secondary,Online
400,2023-07-21,2176.67,Secondary,Bank Transfer
401,2022-05-02,8343.74,Passive,Online
402,2023-02-03,2754.1,Primary,Online
403,2022-10-12,5679.86,Primary,Online
404,2022-09-19,2288.95,Primary,Online
405,2023-06-23,5822.38,Primary,Online
406,2023-05-16,3134.63,Primary,Bank Transfer
407,2022-11-19,8246.62,Secondary,Online
408,2023-09-24,8763.51,Primary,Bank Transfer
409,2023-06-07,6789.22,Secondary,Bank Transfer
410,2022-07-27,3283.78,Secondary,Bank Transfer
411,2023-11-18,976.4,Passive,Online
412,2022-08-26,5782.77,Primary,Online
413,2022-01-16,9504.17,Secondary,Bank Transfer
414,2023-07-20,5706.42,Primary,Bank Transfer
415,2022-09-17,5215.3,Passive,Bank Transfer
416,2022-03-14,2596.92,Secondary,Online
417,2023-02-03,2125.07,Secondary,Online
418,2023-10-09,1956.23,Passive,Bank Transfer
419,2023-10-02,2439.12,Primary,Bank Transfer
420,2022-10-21,663.28,Primary,Online
421,2022-11-29,2000.07,Secondary,Bank Transfer
422,2022-02-06,2635.45,Secondary,Online
423,2022-10-01,7597.4,Secondary,Online
424,2022-01-04,2468.99,Passive,Bank Transfer
425,2022-04-29,457.36,Primary,Online
426,2023-02-11,2799.07,Primary,Bank Transfer
427,2023-01-19,8109.97,Secondary,Online
428,2023-07-24,3412.35,Secondary,Online
429,2022-12-25,213.85,Passive,Online
430,2022-01-01,1507.27,Primary,Online
431,2022-06-29,4324.58,Primary,Online
432,2022-05-02,1519.48,Secondary,Online
433,2023-12-25,5744.07,Primary,Bank Transfer
434,2023-06-25,8859.25,Passive,Bank Transfer
435,2023-12-21,1917.89,Primary,Online
436,2022-03-24,96.15,Passive,Online
437,2022-03-18,9049.47,Secondary,Bank Transfer
438,2022-02-04,9595.31,Passive,Bank Transfer
439,2022-06-26,7380.27,Passive,Bank Transfer
440,2023-06-11,8685.46,Secondary,Bank Transfer
441,2023-10-08,6184.12,Passive,Bank Transfer
442,2022-08-13,393.99,Primary,Bank Transfer
443,2022-05-13,6276.07,Passive,Bank Transfer
444,2022-09-15,965.87,Passive,Online
445,2022-06-04,3481.12,Primary,Bank Transfer
446,2022-04-17,2144.92,Passive,Online
447,2022-11-16,8736.15,Primary,Online
448,2023-11-05,1648.49,Secondary,Online
449,2022-05-29,8898.46,Primary,Bank Transfer
450,2023-06-13,4287.27,Secondary,Bank Transfer
451,2022-11-10,5651.34,Passive,Bank Transfer
452,2022-03-21,1222.93,Passive,Bank Transfer
453,2022-05-13,2139.26,Primary,Bank Transfer
454,2023-10-27,4396.76,Secondary,Bank Transfer
455,2023-06-27,8382.84,Passive,Bank Transfer
456,2023-08-24,808.35,Passive,Online
457,2022-01-21,5567.23,Primary,Online
458,2022-07-04,8048.74,Secondary,Online
459,2023-09-14,5018.82,Primary,Bank Transfer
460,2023-12-15,2474.48,Passive,Bank Transfer
461,2023-12-17,1661.01,Primary,Bank Transfer
462,2023-02-02,2246.2,Primary,Online
463,2023-01-11,5849.94,Primary,Bank Transfer
464,2023-05-25,1073.85,Primary,Online
465,2023-06-08,118.42,Secondary,Online
466,2023-10-24,6535.98,Secondary,Bank Transfer
467,2023-11-12,872.56,Primary,Bank Transfer
468,2023-08-22,387.51,Secondary,Online
469,2023-10-12,4114.28,Primary,Bank Transfer
470,2022-11-01,7122.83,Primary,Online
471,2023-08-18,1735.51,Passive,Online
472,2022-02-20,2472.04,Secondary,Online
473,2022-07-16,1466.73,Passive,Bank Transfer
474,2023-04-23,5850.05,Secondary,Online
475,2022-03-30,7177.27,Primary,Online
476,2023-09-29,6106.12,Passive,Bank Transfer
477,2023-10-17,4800.38,Primary,Bank Transfer
478,2022-08-16,1834.3,Primary,Online
479,2022-09-28,8054.86,Passive,Bank Transfer
480,2022-12-11,7121.84,Passive,Online
481,2023-02-04,1750.96,Secondary,Bank Transfer
482,2023-03-12,4614.57,Secondary,Bank Transfer
483,2022-03-07,6815.7,Primary,Online
484,2022-07-08,7048.5,Secondary,Bank Transfer
485,2023-04-16,775.06,Passive,Online
486,2022-02-10,8374.86,Primary,Bank Transfer
487,2022-10-16,2519.53,Secondary,Bank Transfer
488,2022-10-30,1983.78,Primary,Online
489,2022-12-21,3992.16,Passive,Bank Transfer
490,2022-07-12,7716.09,Primary,Bank Transfer
491,2023-03-05,5982.59,Secondary,Bank Transfer
492,2023-04-08,816.22,Primary,Online
493,2023-02-23,3218.7,Passive,Bank Transfer
494,2023-11-17,2325.7,Passive,Online
495,2022-04-05,6897.69,Secondary,Online
496,2022-03-20,9853.17,Secondary,Bank Transfer
497,2022-06-28,2166.86,Primary,Bank Transfer
498,2022-09-04,4888.09,Primary,Bank Transfer
499,2023-04-05,8650.65,Secondary,Online
500,2022-07-30,3094.04,Passive,Bank Transfer
501,2023-10-05,2286.87,Passive,Bank Transfer
502,2023-04-27,1479.14,Secondary,Online
503,2022-09-28,675.01,Primary,Bank Transfer
504,2023-04-22,4510.65,Primary,Bank Transfer
505,2023-05-01,7633.16,Primary,Online
506,2023-05-22,3991.55,Primary,Bank Transfer
507,2023-02-27,1409.09,Primary,Bank Transfer
508,2023-11-01,9442.36,Primary,Online
509,2023-07-12,5980.84,Passive,Online
510,2022-02-21,1234.89,Primary,Online
511,2023-09-22,2697.82,Passive,Online
512,2022-10-28,5352.2,Secondary,Bank Transfer
513,2022-02-02,5196.0,Primary,Online
514,2022-02-13,4535.34,Passive,Bank Transfer
515,2022-02-24,687.67,Passive,Online
516,2022-07-13,1138.65,Passive,Bank Transfer
517,2022-03-05,6265.7,Primary,Online
518,2023-09-28,2265.23,Passive,Bank Transfer
519,2023-11-12,5983.87,Primary,Bank Transfer
520,2023-10-18,1377.16,Passive,Bank Transfer
521,2022-04-27,1712.16,Passive,Online
522,2022-03-16,7066.82,Primary,Bank Transfer
523,2023-07-04,579.26,Passive,Online
524,2023-07-04,3956.1,Passive,Online
525,2022-08-21,5196.31,Secondary,Online
526,2023-05-28,7388.14,Secondary,Online
527,2023-02-09,4814.99,Passive,Online
528,2023-12-09,2481.93,Passive,Online
529,2023-02-03,9696.02,Secondary,Bank Transfer
530,2023-01-28,1017.36,Primary,Bank Transfer
531,2022-11-05,9675.7,Primary,Online
532,2023-04-20,7465.85,Passive,Online
533,2023-07-08,2625.23,Secondary,Bank Transfer
534,2023-06-10,1298.17,Secondary,Online
535,2022-06-29,5025.54,Passive,Bank Transfer
536,2023-12-07,5633.06,Secondary,Online
537,2022-11-16,6688.48,Secondary,Online
538,2023-11-24,3669.3,Secondary,Online
539,2022-11-21,4362.9,Secondary,Bank Transfer
540,2023-10-06,7061.45,Secondary,Bank Transfer
541,2022-08-21,7839.88,Secondary,Bank Transfer
542,2023-01-28,6530.26,Passive,Bank Transfer
543,2023-10-23,1903.2,Passive,Bank Transfer
544,2023-04-11,5503.71,Secondary,Bank Transfer
545,2022-04-20,4592.02,Passive,Online
546,2022-12-01,1872.28,Primary,Bank Transfer
547,2022-11-28,3701.68,Passive,Online
548,2022-08-02,2420.61,Passive,Online
549,2023-11-10,8436.72,Passive,Bank Transfer
550,2022-09-09,442.0,Secondary,Bank Transfer
551,2023-08-22,7033.24,Passive,Bank Transfer
552,2023-03-31,7108.02,Passive,Online
553,2023-10-28,6086.85,Secondary,Online
554,2023-04-03,9268.95,Passive,Bank Transfer
555,2023-12-25,2961.52,Secondary,Bank Transfer
556,2023-12-27,7789.55,Passive,Online
557,2022-07-31,7799.02,Passive,Online
558,2023-08-17,4462.67,Secondary,Online
559,2023-04-23,7538.81,Passive,Bank Transfer
560,2022-09-27,4486.45,Passive,Online
561,2022-02-16,3452.45,Passive,Online
562,2023-09-09,1587.77,Passive,Online
563,2022-03-27,2620.1,Passive,Online
564,2022-12-10,9480.79,Secondary,Online
565,2023-10-27,7206.0,Primary,Online
566,2022-02-08,5232.77,Passive,Bank Transfer
567,2023-09-09,5363.34,Passive,Online
568,2023-12-29,1618.82,Primary,Online
569,2022-08-16,3798.58,Primary,Online
570,2023-08-08,8190.69,Secondary,Bank Transfer
571,2023-08-18,1923.66,Passive,Online
572,2023-12-20,6116.31,Primary,Bank Transfer
573,2022-05-09,4214.55,Secondary,Online
574,2023-05-02,3618.54,Primary,Online
575,2022-05-10,7211.74,Secondary,Bank Transfer
576,2023-10-28,8059.54,Passive,Bank Transfer
577,2022-12-10,4182.11,Secondary,Online
578,2022-11-25,8185.01,Passive,Bank Transfer
579,2022-03-25,3714.18,Passive,Online
580,2023-04-29,2784.18,Secondary,Online
581,2023-09-06,3945.09,Secondary,Online
582,2023-01-19,5178.03,Primary,Online
583,2022-05-08,664.9,Passive,Online
584,2022-02-08,3947.65,Primary,Online
585,2023-03-18,2929.12,Primary,Bank Transfer
586,2022-03-14,4754.1,Primary,Bank Transfer
587,2023-05-14,4307.53,Passive,Online
588,2023-07-16,6752.72,Primary,Online
589,2022-11-22,6893.36,Passive,Online
590,2023-01-31,4878.88,Secondary,Online
591,2022-07-12,2406.58,Primary,Bank Transfer
592,2022-06-17,6112.6,Secondary,Online
593,2023-03-18,2426.95,Secondary,Bank Transfer
594,2022-03-21,5018.22,Passive,Online
595,2023-08-27,4952.45,Secondary,Bank Transfer
596,2022-02-13,1426.11,Secondary,Bank Transfer
597,2023-06-21,3115.92,Primary,Online
598,2022-06-10,2558.16,Primary,Bank Transfer
599,2022-09-29,5859.4,Passive,Bank Transfer
600,2023-04-17,842.28,Passive,Online
601,2022-08-27,2988.82,Passive,Online
602,2023-01-22,4666.22,Secondary,Online
603,2023-12-20,6983.47,Passive,Online
604,2022-07-11,9310.56,Secondary,Online
605,2022-01-18,9623.61,Passive,Bank Transfer
606,2023-10-01,7372.56,Passive,Bank Transfer
607,2023-05-02,3899.63,Secondary,Online
608,2023-05-29,1738.64,Secondary,Online
609,2022-08-25,7464.14,Passive,Online
610,2022-08-04,1197.72,Passive,Online
611,2023-04-01,8051.37,Primary,Online
612,2022-08-14,2613.41,Secondary,Online
613,2022-09-09,5607.25,Primary,Bank Transfer
614,2022-06-19,5622.57,Primary,Bank Transfer
615,2022-08-25,8498.69,Primary,Bank Transfer
616,2022-10-22,5458.34,Passive,Online
617,2023-05-22,3214.58,Passive,Online
618,2023-09-29,4031.62,Primary,Online
619,2023-05-23,8151.85,Secondary,Online
620,2022-03-15,9786.01,Secondary,Online
621,2023-04-16,5505.01,Passive,Online
622,2022-04-01,9066.46,Primary,Bank Transfer
623,2023-05-29,3337.49,Passive,Online
624,2023-09-14,974.51,Passive,Bank Transfer
625,2022-08-19,5595.41,Passive,Bank Transfer
626,2023-11-30,4450.24,Secondary,Bank Transfer
627,2023-01-14,8812.08,Primary,Bank Transfer
628,2023-04-30,3187.0,Passive,Bank Transfer
629,2022-12-13,6880.07,Primary,Online
630,2023-09-05,8836.08,Passive,Bank Transfer
631,2023-02-09,8415.53,Passive,Online
632,2023-01-23,7889.13,Passive,Online
633,2023-04-23,27.45,Primary,Online
634,2022-08-18,1721.03,Secondary,Online
635,2022-01-22,7374.54,Secondary,Bank Transfer
636,2022-11-28,6112.68,Secondary,Bank Transfer
637,2022-07-22,2309.03,Passive,Bank Transfer
638,2022-09-07,3223.62,Secondary,Bank Transfer
639,2022-07-24,9605.19,Passive,Bank Transfer
640,2022-06-07,8592.93,Passive,Bank Transfer
641,2023-03-03,9598.9,Primary,Bank Transfer
642,2022-09-08,4024.92,Passive,Online
643,2022-10-03,5636.73,Secondary,Bank Transfer
644,2022-01-11,403.72,Secondary,Bank Transfer
645,2023-07-23,4668.55,Passive,Online
646,2023-06-16,5268.5,Secondary,Online
647,2022-07-13,5215.02,Passive,Online
648,2023-10-31,382.98,Secondary,Bank Transfer
649,2023-08-27,221.0,Passive,Bank Transfer
650,2023-06-04,8857.43,Secondary,Online
651,2023-04-09,7353.91,Primary,Online
652,2022-02-09,4115.23,Primary,Online
653,2022-05-15,6441.32,Primary,Bank Transfer
654,2022-10-25,4713.07,Primary,Online
655,2023-10-15,4860.83,Secondary,Online
656,2022-09-09,1091.06,Secondary,Bank Transfer
657,2023-08-07,9531.5,Passive,Bank Transfer
658,2022-01-04,5025.13,Primary,Online
659,2023-02-13,2747.44,Primary,Bank Transfer
660,2023-05-12,3780.73,Primary,Online
661,2023-12-23,3618.54,Passive,Bank Transfer
662,2022-08-11,6494.32,Primary,Online
663,2022-06-09,9933.72,Primary,Bank Transfer
664,2023-01-19,5615.88,Primary,Online
665,2023-04-19,4903.28,Passive,Online
666,2023-01-30,21.01,Secondary,Bank Transfer
667,2023-01-20,8858.96,Secondary,Online
668,2022-03-11,9502.88,Primary,Online
669,2022-01-15,9256.56,Secondary,Bank Transfer
670,2023-03-21,8511.13,Secondary,Online
671,2022-05-08,9614.33,Secondary,Bank Transfer
672,2023-10-25,1732.9,Secondary,Online
673,2023-05-13,6220.88,Primary,Bank Transfer
674,2022-10-31,2597.02,Primary,Bank Transfer
675,2023-05-01,2078.24,Primary,Online
676,2023-09-23,9972.82,Passive,Online
677,2022-07-07,1161.39,Primary,Online
678,2023-06-04,5240.92,Primary,Online
679,2022-08-06,147.41,Primary,Bank Transfer
680,2022-09-21,4560.22,Passive,Bank Transfer
681,2022-07-14,3989.88,Primary,Bank Transfer
682,2022-01-14,3873.44,Secondary,Online
683,2023-10-05,1208.15,Secondary,Bank Transfer
684,2023-11-22,3191.81,Secondary,Online
685,2022-03-31,7006.59,Primary,Bank Transfer
686,2022-03-17,8631.97,Passive,Online
687,2022-09-26,2683.14,Secondary,Online
688,2022-05-14,6219.15,Passive,Online
689,2022-08-12,435.66,Secondary,Online
690,2022-09-22,2157.87,Secondary,Online
691,2022-06-29,2201.58,Secondary,Bank Transfer
692,2023-08-21,7011.77,Passive,Bank Transfer
693,2022-07-25,1516.77,Secondary,Bank Transfer
694,2022-12-04,2961.22,Passive,Bank Transfer
695,2023-10-05,5882.71,Passive,Online
696,2022-07-10,7531.32,Passive,Online
697,2022-06-07,8941.31,Secondary,Online
698,2022-12-23,9974.96,Passive,Online
699,2022-10-25,9271.31,Primary,Online
700,2023-08-10,5942.54,Passive,Bank Transfer
701,2023-02-23,9440.76,Passive,Online
702,2022-03-11,7296.43,Passive,Bank Transfer
703,2022-03-10,7759.49,Secondary,Online
704,2022-07-16,2980.92,Passive,Online
705,2023-11-22,5072.38,Secondary,Bank Transfer
706,2023-05-21,9377.51,Secondary,Bank Transfer
707,2022-06-13,9348.55,Passive,Online
708,2023-08-18,294.96,Primary,Bank Transfer
709,2023-02-07,9393.99,Primary,Online
710,2023-01-27,2054.51,Secondary,Online
711,2022-07-10,7368.14,Secondary,Bank Transfer
712,2022-11-23,6100.79,Primary,Bank Transfer
713,2022-08-09,7354.99,Secondary,Online
714,2023-08-07,9261.48,Secondary,Bank Transfer
715,2023-09-17,3974.29,Primary,Online
716,2022-12-31,8569.68,Passive,Online
717,2022-09-10,9704.03,Passive,Bank Transfer
718,2023-09-07,6638.82,Primary,Bank Transfer
719,2022-03-21,1957.15,Secondary,Online
720,2023-07-30,2121.09,Passive,Online
721,2022-10-30,3772.81,Secondary,Online
722,2022-01-31,7288.4,Secondary,Online
723,2023-11-07,7029.41,Secondary,Bank Transfer
724,2023-09-29,2704.71,Passive,Bank Transfer
725,2023-02-27,5215.73,Passive,Bank Transfer
726,2022-05-28,934.48,Secondary,Online
727,2022-02-10,8726.45,Passive,Bank Transfer
728,2023-01-29,6082.74,Secondary,Online
729,2023-04-18,1554.72,Primary,Bank Transfer
730,2022-04-05,6388.29,Secondary,Online
731,2023-12-29,9818.93,Primary,Bank Transfer
732,2022-11-23,5807.93,Primary,Online
733,2022-04-16,5448.09,Primary,Bank Transfer
734,2022-02-07,3651.23,Secondary,Online
735,2023-07-01,5086.76,Primary,Bank Transfer
736,2022-09-04,7137.58,Primary,Bank Transfer
737,2023-01-08,376.75,Primary,Bank Transfer
738,2023-06-22,3480.82,Passive,Online
739,2022-06-04,7709.76,Primary,Online
740,2022-02-01,6387.32,Secondary,Online
741,2022-05-11,7961.0,Passive,Bank Transfer
742,2022-11-04,5235.09,Secondary,Online
743,2022-01-27,3823.86,Secondary,Bank Transfer
744,2022-02-26,3710.18,Primary,Bank Transfer
745,2022-07-23,9468.05,Passive,Bank Transfer
746,2022-02-28,7167.08,Primary,Bank Transfer
747,2023-07-08,2334.41,Primary,Bank Transfer
748,2023-09-24,1605.29,Secondary,Bank Transfer
749,2022-02-25,9698.3,Passive,Online
750,2022-06-22,6610.22,Primary,Online
751,2023-09-12,9417.71,Primary,Bank Transfer
752,2023-07-29,1451.47,Primary,Online
753,2023-09-02,4151.51,Primary,Bank Transfer
754,2023-11-30,3211.81,Passive,Bank Transfer
755,2023-01-20,2702.86,Primary,Online
756,2022-05-29,2815.18,Secondary,Bank Transfer
757,2022-03-08,7647.15,Primary,Online
758,2023-06-22,4418.09,Primary,Online
759,2023-04-20,3312.85,Primary,Online
760,2023-01-17,9208.16,Secondary,Bank Transfer
761,2022-10-12,3757.36,Passive,Bank Transfer
762,2023-03-21,2231.22,Secondary,Online
763,2023-04-14,6725.84,Primary,Online
764,2023-11-10,1414.43,Secondary,Online
765,2022-04-27,631.18,Primary,Bank Transfer
766,2023-06-15,5150.65,Passive,Online
767,2023-12-08,5791.38,Secondary,Online
768,2022-02-19,478.8,Passive,Online
769,2022-04-29,4761.04,Secondary,Online
770,2022-11-27,1480.68,Secondary,Online
771,2023-06-01,9168.1,Secondary,Online
772,2022-05-16,1310.04,Secondary,Bank Transfer
773,2022-04-10,915.4,Passive,Online
774,2023-02-21,8376.8,Passive,Bank Transfer
775,2023-01-16,3125.66,Primary,Bank Transfer
776,2023-02-05,8670.49,Secondary,Bank Transfer
777,2022-04-08,6249.59,Primary,Bank Transfer
778,2023-05-20,5859.28,Primary,Online
779,2023-03-12,9031.95,Primary,Online
780,2022-04-12,2539.44,Primary,Online
781,2022-02-12,2751.39,Secondary,Online
782,2023-01-06,7138.95,Passive,Online
783,2022-11-17,328.17,Primary,Online
784,2023-06-12,8656.79,Passive,Online
785,2022-12-13,5432.24,Secondary,Online
786,2023-06-07,343.42,Passive,Online
787,2023-08-24,6143.94,Passive,Online
788,2023-11-04,6463.3,Passive,Online
789,2023-12-10,4630.9,Passive,Online
790,2023-11-20,3501.01,Passive,Bank Transfer
791,2022-06-08,80.35,Secondary,Online
792,2022-08-09,4626.36,Primary,Online
793,2023-07-03,4028.33,Passive,Bank Transfer
794,2022-01-14,1283.02,Secondary,Bank Transfer
795,2022-04-22,5570.6,Secondary,Online
796,2022-08-21,318.63,Secondary,Online
797,2023-12-02,8269.47,Passive,Online
798,2022-07-06,6412.55,Primary,Bank Transfer
799,2022-03-13,532.79,Primary,Online
800,2022-11-03,3738.95,Secondary,Online
801,2023-10-29,2912.12,Secondary,Online
802,2023-05-14,730.62,Primary,Bank Transfer
803,2022-07-15,7683.97,Passive,Bank Transfer
804,2023-01-25,6288.53,Passive,Online
805,2023-11-12,6811.07,Primary,Online
806,2022-11-25,7289.22,Secondary,Bank Transfer
807,2023-06-19,7353.74,Passive,Bank Transfer
808,2022-03-23,6268.81,Primary,Online
809,2023-04-29,7631.52,Secondary,Online
810,2023-02-13,8762.23,Secondary,Online
811,2023-11-09,6398.47,Passive,Bank Transfer
812,2023-05-01,5154.25,Primary,Bank Transfer
813,2023-06-21,985.44,Secondary,Bank Transfer
814,2023-09-27,9001.61,Secondary,Bank Transfer
815,2022-10-24,9384.65,Passive,Online
816,2023-04-12,9155.44,Secondary,Online
817,2022-05-15,1664.56,Passive,Bank Transfer
818,2022-09-28,2456.2,Passive,Online
819,2023-04-08,5953.69,Primary,Online
820,2022-01-23,6878.33,Passive,Online
821,2023-08-11,9556.61,Secondary,Bank Transfer
822,2023-01-25,9342.47,Primary,Online
823,2022-07-30,3286.25,Secondary,Bank Transfer
824,2023-04-05,8610.93,Primary,Bank Transfer
825,2023-09-05,6487.51,Passive,Online
826,2022-11-28,9427.0,Secondary,Bank Transfer
827,2022-03-23,8735.0,Primary,Online
828,2022-10-28,8252.62,Passive,Bank Transfer
829,2022-05-21,3003.76,Passive,Online
830,2023-03-22,5712.4,Secondary,Online
831,2023-07-11,4234.37,Passive,Online
832,2023-01-31,4519.71,Passive,Online
833,2022-01-24,2577.84,Secondary,Bank Transfer
834,2022-01-04,5443.68,Primary,Bank Transfer
835,2022-02-27,6666.48,Primary,Bank Transfer
836,2022-09-25,9815.63,Primary,Bank Transfer
837,2023-04-26,3064.23,Secondary,Online
838,2023-09-08,5151.07,Secondary,Bank Transfer
839,2023-01-09,1841.5,Secondary,Online
840,2022-09-24,4657.11,Secondary,Online
841,2023-06-21,6151.15,Passive,Online
842,2023-09-27,9782.75,Passive,Online
843,2023-01-17,3338.39,Secondary,Bank Transfer
844,2023-12-01,2345.37,Primary,Online
845,2022-05-24,9595.74,Secondary,Bank Transfer
846,2022-03-23,8658.82,Passive,Online
847,2022-11-03,8229.86,Primary,Bank Transfer
848,2023-08-06,7524.94,Primary,Bank Transfer
849,2022-09-13,3010.74,Secondary,Bank Transfer
850,2023-12-25,4519.07,Secondary,Bank Transfer
851,2023-09-07,1510.22,Passive,Online
852,2023-07-03,5601.24,Passive,Online
853,2022-06-02,4146.98,Secondary,Online
854,2023-06-05,8119.49,Primary,Bank Transfer
855,2022-03-13,4157.78,Primary,Bank Transfer
856,2022-12-01,4917.61,Secondary,Online
857,2023-09-06,875.2,Primary,Bank Transfer
858,2022-02-24,6539.4,Passive,Online
859,2023-12-27,7605.84,Secondary,Bank Transfer
860,2023-03-15,7864.87,Secondary,Online
861,2023-11-05,184.29,Primary,Online
862,2023-12-10,2748.74,Passive,Bank Transfer
863,2023-05-03,2446.57,Primary,Online
864,2022-03-19,81.52,Secondary,Bank Transfer
865,2022-02-28,2626.03,Primary,Online
866,2023-01-16,1438.61,Primary,Bank Transfer
867,2023-06-14,6737.19,Primary,Bank Transfer
868,2023-12-22,2343.95,Primary,Online
869,2023-10-23,9247.34,Passive,Online
870,2023-02-08,8892.69,Passive,Online
871,2022-08-07,1976.64,Primary,Online
872,2022-08-07,9132.47,Passive,Bank Transfer
873,2023-04-14,2483.92,Passive,Bank Transfer
874,2023-10-09,1137.81,Passive,Online
875,2023-01-05,7425.47,Primary,Online
876,2023-12-14,9412.01,Primary,Online
877,2022-02-10,4208.89,Secondary,Online
878,2023-01-10,4563.12,Secondary,Online
879,2023-12-12,4151.25,Passive,Bank Transfer
880,2023-05-21,9885.31,Primary,Bank Transfer
881,2023-02-25,7235.91,Secondary,Online
882,2023-12-24,7487.3,Passive,Bank Transfer
883,2022-05-19,6208.9,Passive,Online
884,2023-02-28,6333.31,Passive,Online
885,2022-10-06,8693.99,Secondary,Bank Transfer
886,2023-03-19,7113.42,Passive,Online
887,2023-06-04,4667.79,Secondary,Online
888,2023-08-01,6469.36,Primary,Online
889,2023-05-21,5475.76,Primary,Bank Transfer
890,2022-12-27,3874.84,Secondary,Bank Transfer
891,2023-04-19,705.32,Secondary,Online
892,2022-08-27,3473.05,Passive,Online
893,2022-05-23,5784.92,Primary,Bank Transfer
894,2022-10-26,4905.17,Secondary,Bank Transfer
895,2022-10-27,806.9,Passive,Bank Transfer
896,2022-02-17,8267.44,Primary,Bank Transfer
897,2023-03-15,9071.79,Secondary,Online
898,2023-03-28,8172.52,Primary,Online
899,2023-06-11,2930.52,Primary,Bank Transfer
900,2022-03-13,5854.11,Secondary,Bank Transfer
901,2022-12-08,1227.22,Passive,Online
902,2022-10-30,2241.63,Secondary,Bank Transfer
903,2022-10-02,8548.49,Primary,Online
904,2023-03-05,6791.72,Passive,Bank Transfer
905,2022-08-29,9931.87,Secondary,Online
906,2022-05-26,6362.94,Secondary,Bank Transfer
907,2022-05-30,2558.0,Secondary,Bank Transfer
908,2023-04-26,4730.92,Secondary,Bank Transfer
909,2023-04-29,9826.26,Primary,Online
910,2022-02-25,618.72,Primary,Online
911,2022-09-29,2861.74,Passive,Bank Transfer
912,2022-06-15,3011.65,Secondary,Bank Transfer
913,2022-01-22,1708.43,Primary,Online
914,2022-06-27,7211.89,Passive,Online
915,2023-07-17,2132.77,Primary,Bank Transfer
916,2023-11-28,1840.66,Primary,Online
917,2023-06-04,1893.98,Secondary,Online
918,2023-01-20,159.83,Primary,Bank Transfer
919,2022-07-10,5369.97,Secondary,Online
920,2022-09-02,9650.15,Primary,Online
921,2022-10-10,5583.92,Passive,Bank Transfer
922,2022-03-15,5600.5,Passive,Online
923,2022-06-07,5711.92,Secondary,Online
924,2022-02-17,3231.95,Secondary,Bank Transfer
925,2022-02-07,6681.9,Primary,Online
926,2022-07-12,8630.62,Secondary,Bank Transfer
927,2023-09-21,2068.7,Passive,Online
928,2023-04-01,1641.41,Secondary,Bank Transfer
929,2023-12-27,7224.66,Passive,Bank Transfer
930,2023-12-17,3947.64,Passive,Bank Transfer
931,2023-11-17,9211.98,Passive,Online
932,2023-03-09,8645.33,Passive,Bank Transfer
933,2022-04-04,373.84,Secondary,Online
934,2022-12-23,4973.15,Passive,Bank Transfer
935,2022-07-20,2747.31,Primary,Online
936,2022-06-17,4936.44,Passive,Online
937,2022-05-02,2368.43,Secondary,Online
938,2023-02-20,1652.13,Secondary,Online
939,2023-12-17,8255.01,Passive,Bank Transfer
940,2023-04-30,6765.13,Secondary,Online
941,2022-12-23,6631.46,Primary,Bank Transfer
942,2023-02-17,8476.64,Secondary,Online
943,2022-12-02,3774.84,Primary,Bank Transfer
944,2022-08-01,5614.69,Secondary,Online
945,2022-09-14,9738.59,Secondary,Bank Transfer
946,2022-01-09,4924.38,Primary,Online
947,2023-06-15,5757.13,Passive,Bank Transfer
948,2022-07-14,9038.98,Primary,Online
949,2022-01-30,2505.18,Passive,Online
950,2023-10-18,2672.33,Secondary,Online
951,2022-09-18,1575.79,Passive,Bank Transfer
952,2022-03-16,5704.0,Primary,Online
953,2023-12-23,4983.19,Primary,Bank Transfer
954,2023-08-29,7963.52,Secondary,Online
955,2023-09-08,3046.39,Secondary,Online
956,2023-11-28,6287.95,Passive,Online
957,2022-02-26,4447.36,Secondary,Online
958,2023-10-29,3716.74,Primary,Online
959,2022-03-29,4364.58,Primary,Bank Transfer
960,2023-03-12,1331.03,Passive,Online
961,2022-07-04,2559.56,Primary,Online
962,2023-11-05,1498.32,Secondary,Bank Transfer
963,2022-06-24,7156.59,Primary,Bank Transfer
964,2022-01-14,5257.82,Secondary,Online
965,2022-10-16,1979.93,Primary,Bank Transfer
966,2022-02-02,9395.59,Passive,Online
967,2022-01-01,5182.88,Passive,Bank Transfer
968,2023-05-05,3987.06,Passive,Online
969,2023-06-30,6894.12,Primary,Online
970,2023-02-08,7060.83,Primary,Bank Transfer
971,2023-11-17,316.33,Primary,Bank Transfer
972,2022-10-04,1131.69,Passive,Online
973,2022-03-23,8876.13,Primary,Bank Transfer
974,2023-09-16,4288.61,Passive,Bank Transfer
975,2023-07-07,590.5,Passive,Online
976,2022-09-04,6185.06,Passive,Online
977,2022-11-04,3888.03,Primary,Online
978,2023-11-07,9704.7,Secondary,Online
979,2023-02-06,1550.17,Secondary,Online
980,2023-12-26,3781.5,Primary,Online
981,2022-10-13,1109.57,Passive,Bank Transfer
982,2022-10-01,5429.95,Passive,Online
983,2023-12-23,4363.53,Secondary,Bank Transfer
984,2022-05-22,8973.53,Primary,Bank Transfer
985,2023-01-22,9230.09,Passive,Bank Transfer
986,2023-04-10,1127.81,Secondary,Bank Transfer
987,2022-12-27,7873.3,Secondary,Bank Transfer
988,2023-02-01,819.28,Secondary,Online
989,2023-11-15,9355.26,Passive,Bank Transfer
990,2023-11-12,7290.9,Secondary,Online
991,2023-01-20,3982.39,Passive,Bank Transfer
992,2023-02-13,7318.09,Primary,Bank Transfer
993,2023-09-03,4225.01,Passive,Online
994,2023-05-27,2389.25,Primary,Online
995,2023-06-29,7785.04,Primary,Online
996,2022-05-27,5031.88,Secondary,Bank Transfer
997,2022-12-01,2880.32,Passive,Bank Transfer
998,2022-12-20,8233.7,Secondary,Bank Transfer
999,2022-03-01,9574.18,Secondary,Bank Transfer
1000,2023-09-13,4767.26,Secondary,Bank Transfer
1001,2024-09-16,100.28,Secondary,Online
1002,2024-09-20,1200.0,Primary,Bank Transfer
