expense_id,date,amount,category,payment_method
1,2022-09-18,1442.71,Groceries,Debit Card
2,2022-01-30,5265.87,Charity,Credit Card
3,2023-04-02,913.81,Clothing,Debit Card
4,2022-10-16,5396.0,Living Expenses,Credit Card
5,2022-07-24,3086.98,Utilities,Debit Card
6,2023-09-16,6917.71,Utilities,Mobile Payment
7,2023-07-28,2551.31,Groceries,Debit Card
8,2023-09-15,5114.03,Clothing,Credit Card
9,2023-03-20,2864.37,Medical,Cash
10,2022-03-07,7754.1,Medical,Cash
11,2023-04-22,5477.59,Transportation,Debit Card
12,2022-02-22,7956.45,Dine Out,Mobile Payment
13,2022-09-20,247.79,Transportation,Debit Card
14,2022-07-13,6845.79,Clothing,Mobile Payment
15,2022-01-29,5896.81,Utilities,Cash
16,2023-10-05,4945.45,Living Expenses,Debit Card
17,2023-01-01,9774.45,Clothing,Credit Card
18,2023-02-22,7660.82,Living Expenses,Credit Card
19,2022-09-02,6849.39,Living Expenses,Debit Card
20,2023-05-06,3969.67,Groceries,Cash
21,2023-07-25,8109.89,Groceries,Credit Card
22,2022-05-14,3019.27,Transportation,Debit Card
23,2023-04-08,7380.93,Entertainment,Credit Card
24,2023-02-25,4551.21,Medical,Mobile Payment
25,2022-01-03,5721.25,Groceries,Credit Card
26,2022-09-11,3798.53,Medical,Mobile Payment
27,2023-08-10,672.08,Groceries,Debit Card
28,2022-07-06,2439.51,Utilities,Cash
29,2023-02-09,3628.08,Entertainment,Credit Card
30,2022-10-20,4809.54,Transportation,Cash
31,2023-12-26,408.65,Living Expenses,Debit Card
32,2022-03-17,8292.22,Clothing,Cash
33,2023-10-25,9666.82,Medical,Credit Card
34,2023-09-02,7597.88,Medical,Credit Card
35,2022-09-06,6662.05,Charity,Mobile Payment
36,2022-05-21,1271.85,Dine Out,Mobile Payment
37,2023-04-11,8971.03,Utilities,Debit Card
38,2022-09-29,4492.81,Living Expenses,Mobile Payment
39,2023-09-23,1072.18,Dine Out,Mobile Payment
40,2022-03-02,9204.48,Dine Out,Mobile Payment
41,2023-03-02,4416.55,Living Expenses,Mobile Payment
42,2022-09-24,9329.12,Living Expenses,Cash
43,2022-06-07,2729.8,Clothing,Cash
44,2023-06-05,2555.44,Entertainment,Cash
45,2022-03-09,2767.67,Entertainment,Credit Card
46,2022-01-28,3813.53,Transportation,Mobile Payment
47,2023-06-18,8798.11,Utilities,Debit Card
48,2022-03-31,1816.59,Transportation,Mobile Payment
49,2023-07-07,8222.83,Transportation,Debit Card
50,2022-01-20,4153.96,Clothing,Credit Card
51,2023-06-07,9333.54,Charity,Mobile Payment
52,2022-11-05,2208.72,Clothing,Cash
53,2022-02-09,9062.01,Medical,Debit Card
54,2022-03-03,5814.95,Dine Out,Mobile Payment
55,2022-11-29,9597.79,Clothing,Debit Card
56,2022-03-13,9133.79,Living Expenses,Credit Card
57,2022-04-01,918.52,Charity,Mobile Payment
58,2022-08-23,3044.81,Utilities,Debit Card
59,2022-12-19,8725.57,Clothing,Credit Card
60,2022-07-16,5172.23,Transportation,Credit Card
61,2023-11-20,3812.42,Transportation,Cash
62,2022-11-16,5511.82,Groceries,Cash
63,2022-04-15,4531.52,Transportation,Debit Card
64,2022-06-13,7121.52,Clothing,Mobile Payment
65,2022-04-13,3554.89,Transportation,Debit Card
66,2023-10-07,5827.64,Dine Out,Mobile Payment
67,2022-10-25,7181.4,Medical,Debit Card
68,2023-09-29,7143.33,Medical,Cash
69,2023-12-11,9532.53,Clothing,Debit Card
70,2023-01-12,2378.34,Dine Out,Credit Card
71,2022-08-04,9327.56,Living Expenses,Credit Card
72,2023-08-15,1595.82,Transportation,Mobile Payment
73,2023-01-24,7810.06,Clothing,Debit Card
74,2022-05-22,9241.55,Clothing,Debit Card
75,2022-05-30,5799.47,Groceries,Credit Card
76,2022-01-23,6744.54,Medical,Debit Card
77,2023-08-12,7944.48,Utilities,Debit Card
78,2022-09-26,6501.35,Dine Out,Debit Card
79,2023-01-21,1746.05,Groceries,Mobile Payment
80,2022-07-06,2089.44,Clothing,Mobile Payment
81,2023-07-20,9101.49,Dine Out,Credit Card
82,2023-06-03,1857.3,Utilities,Credit Card
83,2023-04-11,3777.69,Entertainment,Debit Card
84,2023-06-14,855.74,Entertainment,Cash
85,2022-10-02,3077.41,Charity,Cash
86,2023-11-26,3645.59,Charity,Debit Card
87,2022-09-21,291.23,Charity,Mobile Payment
88,2022-07-09,584.86,Medical,Credit Card
89,2023-06-19,8268.29,Utilities,Cash
90,2023-01-06,6905.85,Entertainment,Credit Card
91,2023-07-07,842.58,Utilities,Credit Card
92,2023-11-05,6921.91,Utilities,Cash
93,2022-12-18,2596.85,Groceries,Debit Card
94,2022-07-04,9526.39,Utilities,Debit Card
95,2022-08-01,9343.25,Groceries,Mobile Payment
96,2023-11-05,3872.13,Dine Out,Cash
97,2022-06-04,9920.82,Utilities,Cash
98,2022-12-21,3358.61,Living Expenses,Debit Card
99,2023-02-20,8794.19,Charity,Credit Card
100,2022-05-22,3258.0,Clothing,Credit Card
101,2023-12-19,8575.82,Living Expenses,Debit Card
102,2022-03-20,7984.8,Dine Out,Debit Card
103,2022-09-18,4448.33,Groceries,Mobile Payment
104,2022-02-23,5098.7,Clothing,Credit Card
105,2022-01-14,6090.12,Entertainment,Debit Card
106,2023-07-26,504.19,Groceries,Mobile Payment
107,2022-09-13,8571.61,Groceries,Credit Card
108,2023-10-08,1292.18,Clothing,Debit Card
109,2022-10-29,4434.31,Clothing,Credit Card
110,2023-01-05,9718.24,Transportation,Debit Card
111,2022-03-28,4135.56,Charity,Cash
112,2022-11-19,5146.34,Living Expenses,Cash
113,2023-06-05,5109.71,Clothing,Mobile Payment
114,2023-10-11,5067.62,Medical,Mobile Payment
115,2023-02-10,7387.79,Clothing,Debit Card
116,2023-07-02,3937.65,Groceries,Debit Card
117,2023-07-05,1776.01,Charity,Mobile Payment
118,2023-12-20,4070.77,Charity,Debit Card
119,2022-04-04,8783.45,Charity,Mobile Payment
120,2023-04-27,5355.73,Groceries,Cash
121,2023-06-06,1320.32,Medical,Mobile Payment
122,2022-03-23,897.83,Living Expenses,Debit Card
123,2023-07-05,1096.72,Charity,Debit Card
124,2023-05-17,5345.11,Entertainment,Mobile Payment
125,2022-07-16,6102.88,Living Expenses,Mobile Payment
126,2023-08-22,4893.53,Entertainment,Credit Card
127,2023-04-15,3798.75,Medical,Credit Card
128,2022-08-18,463.21,Groceries,Credit Card
129,2022-05-26,5168.68,Transportation,Cash
130,2023-11-20,8008.66,Transportation,Mobile Payment
131,2023-12-13,3188.53,Living Expenses,Credit Card
132,2023-05-05,1054.4,Entertainment,Cash
133,2023-06-05,4751.03,Transportation,Mobile Payment
134,2022-08-03,1440.83,Charity,Cash
135,2022-12-14,7014.07,Dine Out,Debit Card
136,2022-03-06,1763.39,Groceries,Debit Card
137,2023-06-14,5478.12,Living Expenses,Mobile Payment
138,2023-09-12,1126.73,Medical,Mobile Payment
139,2022-04-27,2958.65,Living Expenses,Credit Card
140,2023-08-29,785.19,Clothing,Credit Card
141,2022-07-24,401.59,Utilities,Debit Card
142,2022-04-10,6372.09,Living Expenses,Mobile Payment
143,2023-09-27,4225.94,Entertainment,Debit Card
144,2022-09-29,2371.3,Groceries,Cash
145,2022-09-27,6885.76,Charity,Debit Card
146,2022-05-18,7535.34,Clothing,Cash
147,2022-12-03,4813.9,Utilities,Cash
148,2022-01-16,5200.47,Medical,Mobile Payment
149,2022-03-09,1199.14,Groceries,Mobile Payment
150,2022-01-07,4388.37,Clothing,Debit Card
151,2023-07-21,5505.4,Entertainment,Debit Card
152,2023-06-25,3127.38,Groceries,Mobile Payment
153,2022-09-01,2354.75,Utilities,Cash
154,2023-01-30,1043.68,Dine Out,Debit Card
155,2022-02-15,5609.05,Charity,Mobile Payment
156,2022-07-27,2728.81,Clothing,Cash
157,2022-12-18,4198.39,Transportation,Debit Card
158,2022-06-21,8588.17,Dine Out,Cash
159,2023-06-22,3779.86,Dine Out,Cash
160,2022-02-09,9064.02,Living Expenses,Mobile Payment
161,2023-10-01,5899.85,Medical,Credit Card
162,2023-02-07,9761.41,Clothing,Mobile Payment
163,2022-12-17,6002.69,Utilities,Debit Card
164,2023-12-16,1144.7,Living Expenses,Debit Card
165,2023-09-26,9985.04,Entertainment,Credit Card
166,2022-09-18,7925.45,Charity,Debit Card
167,2022-06-18,7688.14,Living Expenses,Cash
168,2023-02-22,8029.4,Dine Out,Debit Card
169,2023-12-27,4609.51,Utilities,Credit Card
170,2023-06-16,3404.58,Living Expenses,Cash
171,2022-05-23,1600.1,Medical,Cash
172,2023-09-30,3402.54,Living Expenses,Credit Card
173,2022-07-02,6086.72,Entertainment,Credit Card
174,2022-01-15,5386.39,Clothing,Debit Card
175,2022-01-17,8586.06,Groceries,Mobile Payment
176,2023-03-26,91.18,Transportation,Credit Card
177,2023-12-04,998.52,Transportation,Credit Card
178,2023-07-08,3645.19,Charity,Credit Card
179,2022-02-05,8915.88,Clothing,Cash
180,2022-12-07,9679.78,Dine Out,Mobile Payment
181,2022-01-08,6551.04,Charity,Credit Card
182,2022-12-01,8330.18,Transportation,Credit Card
183,2022-07-12,4590.08,Utilities,Mobile Payment
184,2022-05-19,8975.36,Utilities,Credit Card
185,2022-09-11,6097.47,Groceries,Debit Card
186,2023-11-15,4196.98,Dine Out,Cash
187,2023-04-30,6237.77,Dine Out,Mobile Payment
188,2022-05-02,7214.16,Transportation,Credit Card
189,2023-05-28,3212.08,Medical,Debit Card
190,2023-11-19,2900.89,Living Expenses,Credit Card
191,2022-07-19,5708.36,Living Expenses,Cash
192,2022-12-06,2831.8,Living Expenses,Cash
193,2022-01-18,8336.44,Clothing,Debit Card
194,2022-03-28,5165.69,Medical,Cash
195,2022-06-20,276.4,Living Expenses,Debit Card
196,2022-04-08,1659.45,Dine Out,Debit Card
197,2022-11-10,2097.97,Living Expenses,Debit Card
198,2023-11-06,7570.52,Groceries,Cash
199,2023-06-08,5275.39,Dine Out,Mobile Payment
200,2023-10-15,8901.56,Groceries,Mobile Payment
201,2022-03-05,2671.78,Utilities,Cash
202,2023-01-31,207.54,Medical,Debit Card
203,2022-11-02,6309.71,Groceries,Credit Card
204,2023-05-20,2308.14,Living Expenses,Debit Card
205,2022-09-03,8602.43,Dine Out,Credit Card
206,2022-01-15,3721.46,Utilities,Mobile Payment
207,2023-12-29,1744.85,Entertainment,Cash
208,2022-07-12,1474.52,Dine Out,Debit Card
209,2023-11-08,7242.78,Dine Out,Cash
210,2022-10-27,1475.35,Transportation,Debit Card
211,2022-06-29,798.12,Charity,Cash
212,2023-06-28,6977.45,Living Expenses,Cash
213,2022-12-26,7053.49,Transportation,Cash
214,2023-01-03,9702.13,Entertainment,Debit Card
215,2023-07-06,9059.51,Medical,Mobile Payment
216,2022-04-19,7299.72,Utilities,Debit Card
217,2023-11-27,8348.81,Transportation,Credit Card
218,2023-11-13,1079.07,Medical,Mobile Payment
219,2022-03-03,3707.79,Clothing,Mobile Payment
220,2023-09-18,4175.04,Charity,Cash
221,2022-12-10,2515.91,Medical,Mobile Payment
222,2023-03-11,4000.19,Medical,Debit Card
223,2023-04-29,5253.23,Living Expenses,Cash
224,2022-02-05,6015.16,Medical,Debit Card
225,2022-06-14,9766.95,Entertainment,Mobile Payment
226,2023-05-21,4045.22,Dine Out,Mobile Payment
227,2022-07-10,9.16,Transportation,Credit Card
228,2023-01-29,9013.55,Medical,Debit Card
229,2022-06-17,7502.87,Clothing,Credit Card
230,2022-01-30,4050.5,Groceries,Mobile Payment
231,2022-05-15,7626.63,Entertainment,Credit Card
232,2022-01-28,5355.96,Medical,Credit Card
233,2023-04-13,9162.81,Groceries,Mobile Payment
234,2023-03-22,8237.11,Clothing,Credit Card
235,2023-12-26,8925.87,Entertainment,Mobile Payment
236,2022-07-25,1712.54,Entertainment,Credit Card
237,2023-07-18,5939.49,Living Expenses,Debit Card
238,2023-03-31,8873.25,Transportation,Cash
239,2023-01-08,8982.01,Medical,Mobile Payment
240,2023-09-23,5243.62,Charity,Credit Card
241,2023-12-19,1650.73,Utilities,Mobile Payment
242,2023-07-25,5124.59,Clothing,Mobile Payment
243,2023-07-09,8479.93,Charity,Debit Card
244,2023-06-19,9652.46,Groceries,Credit Card
245,2022-04-08,1251.92,Clothing,Credit Card
246,2023-10-20,6114.44,Charity,Credit Card
247,2022-06-15,7222.88,Clothing,Mobile Payment
248,2022-08-05,1679.83,Medical,Cash
249,2023-10-07,9100.15,Transportation,Debit Card
250,2023-06-01,5638.52,Transportation,Cash
251,2023-01-01,3660.57,Living Expenses,Credit Card
252,2022-07-12,4514.03,Utilities,Credit Card
253,2022-06-02,2078.89,Entertainment,Credit Card
254,2022-10-07,6501.78,Dine Out,Cash
255,2023-03-20,7113.1,Clothing,Cash
256,2022-10-20,2429.87,Dine Out,Credit Card
257,2022-11-19,6282.17,Dine Out,Cash
258,2022-05-16,1015.2,Living Expenses,Credit Card
259,2023-07-16,7914.44,Clothing,Mobile Payment
260,2022-12-27,8920.48,Entertainment,Mobile Payment
261,2023-12-23,6070.08,Living Expenses,Debit Card
262,2022-04-03,7634.37,Utilities,Credit Card
263,2022-10-14,6438.91,Living Expenses,Mobile Payment
264,2022-03-03,7040.14,Entertainment,Debit Card
265,2023-07-16,9450.25,Groceries,Credit Card
266,2022-08-03,8163.82,Transportation,Cash
267,2022-06-05,812.42,Transportation,Debit Card
268,2022-04-28,2555.02,Living Expenses,Debit Card
269,2023-01-30,2044.85,Charity,Debit Card
270,2022-02-18,4890.09,Medical,Cash
271,2022-02-19,69.31,Utilities,Debit Card
272,2022-04-10,1232.89,Charity,Cash
273,2022-10-12,7765.47,Transportation,Credit Card
274,2023-11-30,2007.91,Utilities,Mobile Payment
275,2022-08-24,6733.7,Clothing,Debit Card
276,2023-08-18,1725.21,Clothing,Mobile Payment
277,2023-02-10,4720.34,Groceries,Debit Card
278,2022-08-05,5378.09,Entertainment,Cash
279,2022-04-20,3660.98,Dine Out,Cash
280,2022-02-25,2406.03,Medical,Mobile Payment
281,2022-06-24,1141.45,Clothing,Debit Card
282,2023-07-23,6111.21,Charity,Mobile Payment
283,2022-11-20,9333.78,Clothing,Mobile Payment
284,2022-10-21,3211.43,Transportation,Credit Card
285,2023-09-03,8108.13,Groceries,Credit Card
286,2023-01-31,4173.08,Entertainment,Debit Card
287,2022-09-02,4529.5,Medical,Debit Card
288,2022-12-25,5901.12,Living Expenses,Credit Card
289,2022-11-24,1458.59,Dine Out,Cash
290,2023-05-03,4055.81,Groceries,Mobile Payment
291,2022-07-29,4473.07,Entertainment,Debit Card
292,2023-07-07,2001.38,Groceries,Credit Card
293,2023-04-19,7358.6,Utilities,Credit Card
294,2023-08-13,3179.0,Groceries,Cash
295,2022-07-18,11.91,Transportation,Cash
296,2022-10-19,7152.75,Dine Out,Credit Card
297,2022-01-25,3431.84,Living Expenses,Cash
298,2022-04-30,1289.22,Clothing,Cash
299,2022-01-23,5480.15,Groceries,Cash
300,2022-04-01,9491.65,Medical,Credit Card
301,2023-02-24,3030.92,Charity,Credit Card
302,2023-03-10,5655.52,Utilities,Cash
303,2022-11-14,9907.98,Dine Out,Credit Card
304,2023-06-06,326.14,Entertainment,Mobile Payment
305,2022-07-19,9984.42,Medical,Cash
306,2022-05-12,6642.9,Entertainment,Cash
307,2022-11-19,2819.38,Medical,Mobile Payment
308,2022-07-15,4287.21,Utilities,Cash
309,2023-01-26,8223.97,Entertainment,Cash
310,2023-07-10,235.22,Medical,Mobile Payment
311,2022-09-11,4676.02,Utilities,Credit Card
312,2023-06-25,61.85,Transportation,Cash
313,2022-06-22,9165.88,Utilities,Cash
314,2022-03-17,2476.57,Charity,Mobile Payment
315,2023-05-02,4660.61,Groceries,Mobile Payment
316,2022-03-08,6266.29,Groceries,Credit Card
317,2022-10-28,8586.33,Entertainment,Credit Card
318,2023-10-10,6886.07,Living Expenses,Debit Card
319,2022-10-06,7028.89,Utilities,Credit Card
320,2023-02-25,9018.01,Transportation,Mobile Payment
321,2022-03-10,1943.48,Entertainment,Credit Card
322,2022-05-06,157.53,Transportation,Cash
323,2022-06-04,3924.45,Clothing,Mobile Payment
324,2023-11-23,8205.31,Medical,Cash
325,2022-09-22,2812.27,Clothing,Cash
326,2023-04-19,526.55,Clothing,Credit Card
327,2023-10-01,2691.79,Groceries,Credit Card
328,2022-09-17,5495.12,Dine Out,Mobile Payment
329,2023-11-08,5416.88,Clothing,Credit Card
330,2022-09-15,621.37,Utilities,Cash
331,2022-12-25,7090.33,Utilities,Mobile Payment
332,2022-06-04,1556.82,Medical,Cash
333,2022-06-11,732.9,Transportation,Mobile Payment
334,2022-11-22,1767.48,Dine Out,Mobile Payment
335,2023-01-11,3651.77,Clothing,Cash
336,2023-06-15,7883.99,Transportation,Cash
337,2023-09-27,3513.73,Living Expenses,Cash
338,2023-09-22,3049.02,Transportation,Mobile Payment
339,2022-08-22,622.32,Entertainment,Mobile Payment
340,2023-03-03,4571.04,Living Expenses,Cash
341,2022-09-20,804.69,Dine Out,Debit Card
342,2023-09-17,3995.8,Dine Out,Cash
343,2022-06-14,7428.71,Entertainment,Mobile Payment
344,2023-05-20,823.23,Dine Out,Credit Card
345,2023-02-09,7180.68,Transportation,Debit Card
346,2023-04-10,3725.94,Dine Out,Mobile Payment
347,2022-07-07,7280.83,Dine Out,Cash
348,2022-07-27,99.26,Medical,Mobile Payment
349,2023-06-26,7560.71,Clothing,Debit Card
350,2022-09-22,9653.49,Living Expenses,Credit Card
351,2022-07-03,1298.85,Medical,Debit Card
352,2022-02-03,1434.96,Groceries,Debit Card
353,2022-10-14,2403.11,Dine Out,Credit Card
354,2023-10-29,1642.37,Utilities,Debit Card
355,2023-05-03,634.97,Utilities,Debit Card
356,2023-06-11,6186.69,Transportation,Credit Card
357,2023-08-15,2355.61,Living Expenses,Cash
358,2023-03-27,1833.26,Dine Out,Credit Card
359,2023-05-08,9942.81,Dine Out,Credit Card
360,2022-11-02,3409.09,Groceries,Debit Card
361,2023-02-02,8073.39,Entertainment,Mobile Payment
362,2022-12-02,9220.1,Groceries,Debit Card
363,2022-12-16,3320.43,Transportation,Credit Card
364,2023-08-21,7968.87,Entertainment,Debit Card
365,2022-01-19,123.4,Clothing,Mobile Payment
366,2022-10-10,8935.76,Charity,Credit Card
367,2023-03-23,4760.71,Medical,Mobile Payment
368,2023-08-18,8274.29,Living Expenses,Credit Card
369,2023-08-15,5336.16,Groceries,Debit Card
370,2023-05-15,6369.76,Medical,Mobile Payment
371,2023-09-24,7251.21,Dine Out,Cash
372,2022-07-17,5062.87,Living Expenses,Cash
373,2022-02-13,5309.2,Medical,Mobile Payment
374,2023-06-27,2448.21,Clothing,Cash
375,2023-02-20,7949.34,Transportation,Debit Card
376,2022-02-05,1917.01,Entertainment,Debit Card
377,2022-04-14,4105.87,Utilities,Mobile Payment
378,2022-05-14,2170.11,Utilities,Mobile Payment
379,2022-08-20,8187.42,Medical,Credit Card
380,2023-04-21,810.6,Clothing,Mobile Payment
381,2022-07-11,5440.66,Entertainment,Debit Card
382,2023-10-23,4949.38,Medical,Credit Card
383,2022-06-04,3325.02,Living Expenses,Mobile Payment
384,2022-04-06,9248.43,Utilities,Credit Card
385,2022-05-15,3007.01,Utilities,Credit Card
386,2022-11-01,2957.8,Clothing,Credit Card
387,2022-07-07,6726.51,Entertainment,Debit Card
388,2022-04-27,7897.14,Transportation,Debit Card
389,2023-12-19,3540.28,Medical,Cash
390,2022-01-20,5589.54,Dine Out,Credit Card
391,2022-07-17,8680.19,Utilities,Credit Card
392,2023-12-12,1313.12,Entertainment,Mobile Payment
393,2022-01-09,1768.14,Medical,Mobile Payment
394,2022-07-25,5928.61,Groceries,Debit Card
395,2022-04-28,9909.22,Living Expenses,Debit Card
396,2023-08-16,1383.47,Medical,Credit Card
397,2023-05-30,2461.27,Medical,Mobile Payment
398,2022-09-22,1282.04,Groceries,Credit Card
399,2023-03-17,7203.92,Utilities,Cash
400,2022-02-16,2345.55,Charity,Credit Card
401,2022-11-10,219.6,Charity,Debit Card
402,2023-08-28,2436.75,Clothing,Mobile Payment
403,2023-05-15,6224.18,Charity,Credit Card
404,2022-04-25,2500.97,Transportation,Debit Card
405,2022-03-18,4197.59,Charity,Debit Card
406,2022-05-31,5803.76,Living Expenses,Credit Card
407,2022-04-02,9093.4,Charity,Mobile Payment
408,2022-03-03,8996.16,Groceries,Credit Card
409,2023-10-13,7279.95,Dine Out,Debit Card
410,2022-06-22,8560.64,Utilities,Debit Card
411,2022-03-23,6635.46,Groceries,Mobile Payment
412,2023-06-24,7054.01,Transportation,Debit Card
413,2022-07-17,184.7,Medical,Debit Card
414,2022-07-19,8908.57,Entertainment,Cash
415,2023-06-21,4445.1,Utilities,Credit Card
416,2022-03-30,7294.3,Groceries,Debit Card
417,2022-02-25,2303.06,Groceries,Cash
418,2023-07-13,7992.26,Living Expenses,Credit Card
419,2022-12-02,1884.74,Medical,Debit Card
420,2023-02-10,2362.97,Dine Out,Mobile Payment
421,2023-02-19,9628.87,Medical,Cash
422,2022-08-15,1010.54,Dine Out,Mobile Payment
423,2023-04-26,7696.37,Medical,Credit Card
424,2023-01-08,5931.28,Groceries,Credit Card
425,2023-02-20,715.57,Clothing,Cash
426,2023-07-31,3923.24,Utilities,Cash
427,2023-03-13,719.86,Living Expenses,Mobile Payment
428,2023-11-10,2429.43,Charity,Cash
429,2022-11-18,3584.82,Entertainment,Debit Card
430,2023-06-24,8776.88,Clothing,Cash
431,2022-07-24,9771.63,Dine Out,Debit Card
432,2022-08-13,8913.26,Transportation,Cash
433,2022-04-25,1214.08,Living Expenses,Mobile Payment
434,2022-11-26,4770.95,Transportation,Cash
435,2023-03-02,2176.15,Transportation,Mobile Payment
436,2023-05-03,8850.51,Entertainment,Cash
437,2023-04-17,8528.98,Transportation,Mobile Payment
438,2022-01-06,9757.33,Medical,Cash
439,2022-10-26,8042.11,Charity,Debit Card
440,2023-11-04,2669.84,Charity,Debit Card
441,2022-10-23,8574.34,Groceries,Debit Card
442,2022-06-10,9187.17,Clothing,Credit Card
443,2023-08-10,6317.66,Dine Out,Debit Card
444,2022-06-05,1751.87,Entertainment,Credit Card
445,2023-11-16,9203.91,Dine Out,Cash
446,2022-06-23,98.24,Utilities,Debit Card
447,2023-06-28,679.1,Clothing,Credit Card
448,2022-10-10,4160.46,Clothing,Mobile Payment
449,2022-12-21,3598.51,Utilities,Mobile Payment
450,2022-02-16,377.79,Groceries,Debit Card
451,2022-06-05,6057.55,Entertainment,Mobile Payment
452,2022-12-19,3133.54,Living Expenses,Cash
453,2022-11-18,3744.79,Dine Out,Cash
454,2022-05-20,620.31,Groceries,Debit Card
455,2023-09-30,2673.13,Groceries,Mobile Payment
456,2022-12-03,7487.83,Living Expenses,Cash
457,2022-07-23,4804.31,Transportation,Cash
458,2023-05-30,8858.45,Entertainment,Credit Card
459,2022-10-22,2644.24,Dine Out,Debit Card
460,2023-02-01,9500.55,Living Expenses,Debit Card
461,2022-03-26,9769.2,Dine Out,Cash
462,2022-08-19,3764.27,Utilities,Cash
463,2022-11-08,1893.31,Clothing,Mobile Payment
464,2023-12-15,692.7,Clothing,Credit Card
465,2023-08-18,9470.93,Charity,Debit Card
466,2023-08-15,2087.58,Clothing,Cash
467,2023-06-26,7236.87,Charity,Debit Card
468,2023-08-15,446.1,Charity,Credit Card
469,2022-11-11,5743.24,Utilities,Debit Card
470,2023-09-18,2202.48,Clothing,Cash
471,2022-11-09,5278.66,Clothing,Debit Card
472,2022-03-13,5623.51,Utilities,Mobile Payment
473,2022-04-24,3258.9,Charity,Credit Card
474,2022-02-07,716.62,Living Expenses,Debit Card
475,2023-11-14,9805.52,Dine Out,Cash
476,2022-01-27,7939.67,Living Expenses,Cash
477,2022-05-11,1878.69,Utilities,Cash
478,2023-04-28,9972.84,Entertainment,Mobile Payment
479,2023-03-06,7330.14,Clothing,Cash
480,2023-11-09,4859.93,Clothing,Credit Card
481,2023-10-13,5842.62,Entertainment,Cash
482,2023-06-10,7104.02,Entertainment,Cash
483,2023-08-18,2601.42,Clothing,Cash
484,2022-06-22,4632.69,Utilities,Debit Card
485,2022-09-19,8599.21,Charity,Debit Card
486,2023-09-17,4570.28,Dine Out,Credit Card
487,2023-10-23,3627.87,Entertainment,Mobile Payment
488,2023-05-05,3405.8,Clothing,Mobile Payment
489,2023-10-22,824.09,Living Expenses,Credit Card
490,2022-01-11,3816.81,Living Expenses,Mobile Payment
491,2023-11-01,4956.35,Utilities,Debit Card
492,2023-01-04,9372.77,Entertainment,Debit Card
493,2022-04-03,3468.02,Living Expenses,Cash
494,2022-10-16,7342.5,Dine Out,Debit Card
495,2022-08-14,7420.94,Living Expenses,Mobile Payment
496,2022-05-17,2731.24,Entertainment,Cash
497,2023-02-26,9872.75,Charity,Cash
498,2023-04-05,3874.95,Entertainment,Cash
499,2022-02-08,9432.49,Utilities,Mobile Payment
500,2022-07-29,5680.97,Groceries,Cash
501,2022-02-23,4984.39,Groceries,Cash
502,2022-11-27,8836.94,Entertainment,Debit Card
503,2023-11-15,5547.88,Utilities,Credit Card
504,2023-05-01,4081.73,Utilities,Cash
505,2022-05-09,5847.72,Transportation,Mobile Payment
506,2023-03-14,7876.54,Charity,Mobile Payment
507,2022-08-30,2372.6,Entertainment,Credit Card
508,2023-03-21,906.62,Living Expenses,Mobile Payment
509,2022-01-20,7149.83,Charity,Cash
510,2023-09-21,9886.14,Groceries,Cash
511,2023-06-05,6482.8,Utilities,Mobile Payment
512,2022-09-18,3428.3,Living Expenses,Mobile Payment
513,2022-11-23,3061.52,Entertainment,Credit Card
514,2022-01-12,5756.77,Clothing,Cash
515,2022-07-24,6013.09,Dine Out,Mobile Payment
516,2023-08-16,736.8,Living Expenses,Credit Card
517,2022-06-28,1576.54,Transportation,Mobile Payment
518,2022-07-13,5571.19,Entertainment,Cash
519,2022-02-27,2928.7,Transportation,Credit Card
520,2022-06-13,4005.34,Utilities,Debit Card
521,2023-09-12,5219.51,Transportation,Mobile Payment
522,2023-05-26,8059.93,Transportation,Cash
523,2022-04-06,8355.87,Dine Out,Credit Card
524,2022-01-28,5723.85,Charity,Debit Card
525,2022-09-05,4175.0,Living Expenses,Credit Card
526,2023-02-28,4078.62,Medical,Cash
527,2023-11-14,3107.72,Medical,Mobile Payment
528,2022-11-26,8170.38,Utilities,Credit Card
529,2023-10-25,3660.77,Clothing,Debit Card
530,2023-07-14,7756.45,Transportation,Mobile Payment
531,2023-06-13,745.98,Medical,Cash
532,2023-12-10,832.12,Entertainment,Mobile Payment
533,2022-02-13,3221.6,Entertainment,Credit Card
534,2023-03-07,4810.15,Living Expenses,Credit Card
535,2023-09-04,3043.6,Utilities,Credit Card
536,2023-04-09,6395.11,Dine Out,Cash
537,2022-08-29,5873.82,Utilities,Credit Card
538,2023-03-13,9135.58,Medical,Cash
539,2023-03-20,260.97,Transportation,Mobile Payment
540,2022-03-02,2951.95,Groceries,Credit Card
541,2023-06-29,6010.76,Charity,Credit Card
542,2022-09-13,2524.9,Utilities,Cash
543,2023-02-02,5056.46,Transportation,Mobile Payment
544,2022-05-07,8109.22,Medical,Debit Card
545,2022-08-15,5795.41,Living Expenses,Cash
546,2022-08-27,3828.11,Medical,Credit Card
547,2023-04-12,9579.71,Utilities,Mobile Payment
548,2022-12-16,6841.88,Transportation,Cash
549,2023-11-25,3532.61,Entertainment,Credit Card
550,2023-10-03,8014.06,Dine Out,Mobile Payment
551,2023-09-18,3161.16,Entertainment,Debit Card
552,2023-10-13,6037.92,Charity,Debit Card
553,2022-04-11,7313.82,Entertainment,Credit Card
554,2023-12-30,9272.28,Transportation,Debit Card
555,2023-11-06,3228.8,Living Expenses,Mobile Payment
556,2023-05-13,1438.87,Groceries,Cash
557,2023-12-15,1855.5,Entertainment,Mobile Payment
558,2022-05-12,1034.87,Transportation,Mobile Payment
559,2022-08-10,2987.07,Dine Out,Mobile Payment
560,2022-09-22,4753.68,Dine Out,Mobile Payment
561,2022-02-16,8883.45,Utilities,Debit Card
562,2022-11-06,789.74,Charity,Credit Card
563,2023-07-30,4154.71,Utilities,Cash
564,2022-11-11,5481.61,Medical,Debit Card
565,2023-07-19,3712.6,Utilities,Credit Card
566,2022-08-11,4183.11,Charity,Cash
567,2023-09-26,4583.6,Charity,Debit Card
568,2023-02-25,619.13,Entertainment,Cash
569,2022-06-24,2788.71,Groceries,Cash
570,2022-02-28,8558.05,Groceries,Cash
571,2022-03-23,9174.62,Groceries,Cash
572,2022-06-08,7197.13,Transportation,Debit Card
573,2023-06-04,5758.64,Utilities,Credit Card
574,2022-02-15,4381.03,Living Expenses,Credit Card
575,2023-11-30,7603.43,Utilities,Cash
576,2023-12-06,2428.9,Medical,Credit Card
577,2023-07-08,3147.88,Groceries,Debit Card
578,2022-04-05,3533.41,Dine Out,Mobile Payment
579,2022-09-06,9190.45,Entertainment,Mobile Payment
580,2023-11-10,9879.01,Entertainment,Credit Card
581,2022-10-12,7468.94,Groceries,Cash
582,2023-10-15,5433.93,Clothing,Cash
583,2022-10-23,2939.71,Medical,Debit Card
584,2022-06-22,4621.93,Transportation,Debit Card
585,2023-05-09,2478.78,Dine Out,Mobile Payment
586,2023-06-16,4862.32,Entertainment,Debit Card
587,2023-01-15,7952.72,Transportation,Debit Card
588,2023-10-31,2600.64,Living Expenses,Mobile Payment
589,2022-05-29,9818.95,Entertainment,Cash
590,2022-06-19,4186.43,Dine Out,Debit Card
591,2023-04-01,7202.48,Groceries,Mobile Payment
592,2022-10-22,4816.99,Medical,Cash
593,2023-02-20,8388.33,Living Expenses,Credit Card
594,2022-09-19,7754.64,Groceries,Cash
595,2022-01-31,3446.29,Living Expenses,Cash
596,2023-09-28,4414.59,Dine Out,Cash
597,2023-09-23,1427.68,Utilities,Debit Card
598,2023-05-14,6593.77,Medical,Cash
599,2022-01-23,2503.27,Entertainment,Mobile Payment
600,2023-02-11,7050.93,Living Expenses,Debit Card
601,2022-06-23,9774.01,Dine Out,Cash
602,2023-05-21,679.83,Entertainment,Cash
603,2023-08-17,741.58,Charity,Debit Card
604,2023-06-12,5525.25,Medical,Credit Card
605,2022-08-07,2639.94,Entertainment,Cash
606,2023-07-04,2002.34,Charity,Debit Card
607,2022-11-04,8567.49,Charity,Cash
608,2023-11-25,7625.54,Clothing,Credit Card
609,2023-08-09,956.77,Living Expenses,Cash
610,2023-01-29,637.98,Dine Out,Mobile Payment
611,2023-10-21,2246.22,Living Expenses,Debit Card
612,2022-08-04,8435.49,Groceries,Mobile Payment
613,2022-05-10,9329.84,Transportation,Cash
614,2023-01-30,6523.42,Clothing,Debit Card
615,2022-03-08,57.72,Transportation,Debit Card
616,2022-03-13,3843.84,Utilities,Credit Card
617,2023-02-04,242.06,Living Expenses,Cash
618,2023-10-29,4614.59,Medical,Debit Card
619,2022-06-04,2362.84,Transportation,Debit Card
620,2023-09-01,2546.64,Charity,Credit Card
621,2022-10-11,4889.21,Living Expenses,Cash
622,2023-05-16,5148.91,Utilities,Cash
623,2022-05-30,1778.26,Living Expenses,Mobile Payment
624,2022-05-09,5100.09,Living Expenses,Debit Card
625,2022-05-21,5011.92,Living Expenses,Debit Card
626,2023-04-13,6162.39,Charity,Cash
627,2023-06-01,8711.74,Groceries,Mobile Payment
628,2022-05-31,4481.79,Dine Out,Cash
629,2023-12-08,2658.35,Charity,Debit Card
630,2023-12-29,1087.39,Clothing,Mobile Payment
631,2022-05-31,3139.09,Transportation,Debit Card
632,2023-05-04,8878.01,Medical,Mobile Payment
633,2023-01-17,8286.83,Charity,Mobile Payment
634,2022-10-28,7138.93,Charity,Credit Card
635,2023-11-04,4323.5,Clothing,Debit Card
636,2023-09-13,8552.58,Utilities,Debit Card
637,2022-04-05,8163.41,Dine Out,Cash
638,2023-06-02,6208.8,Utilities,Debit Card
639,2022-01-29,2157.05,Groceries,Mobile Payment
640,2023-08-19,3565.45,Living Expenses,Mobile Payment
641,2022-08-07,6984.7,Medical,Cash
642,2023-09-09,3978.41,Transportation,Cash
643,2022-07-14,3883.79,Transportation,Debit Card
644,2023-11-22,9861.15,Medical,Cash
645,2022-02-09,4851.02,Living Expenses,Cash
646,2023-12-12,6316.02,Groceries,Debit Card
647,2023-08-20,1654.83,Dine Out,Debit Card
648,2022-09-26,6857.04,Medical,Cash
649,2022-08-16,1802.7,Dine Out,Credit Card
650,2023-07-03,3120.17,Medical,Credit Card
651,2023-04-18,8990.79,Medical,Mobile Payment
652,2023-05-16,9965.62,Medical,Debit Card
653,2023-08-05,1900.12,Utilities,Credit Card
654,2022-02-13,658.04,Transportation,Credit Card
655,2023-08-30,5653.28,Transportation,Debit Card
656,2022-02-26,2079.59,Clothing,Mobile Payment
657,2023-08-09,9965.93,Utilities,Debit Card
658,2023-10-26,5762.05,Utilities,Debit Card
659,2022-12-17,5697.91,Transportation,Cash
660,2023-10-16,1699.74,Dine Out,Debit Card
661,2023-10-11,9096.7,Medical,Credit Card
662,2022-06-05,9178.86,Entertainment,Credit Card
663,2023-01-28,3888.2,Dine Out,Cash
664,2023-04-29,3508.1,Utilities,Cash
665,2022-10-09,4771.61,Entertainment,Mobile Payment
666,2023-09-12,6291.42,Clothing,Credit Card
667,2023-03-18,7444.97,Groceries,Mobile Payment
668,2023-04-23,6393.64,Utilities,Debit Card
669,2023-02-26,8847.78,Groceries,Credit Card
670,2023-06-01,7931.85,Utilities,Cash
671,2023-11-20,3029.72,Utilities,Credit Card
672,2023-11-08,5092.16,Transportation,Debit Card
673,2022-06-24,2983.28,Transportation,Credit Card
674,2023-10-11,4834.11,Medical,Credit Card
675,2023-10-28,2423.62,Entertainment,Debit Card
676,2022-10-17,8808.37,Charity,Debit Card
677,2023-01-22,3686.38,Groceries,Mobile Payment
678,2023-12-18,1619.08,Transportation,Mobile Payment
679,2022-12-14,9380.25,Transportation,Credit Card
680,2023-11-24,5642.64,Medical,Debit Card
681,2022-10-01,156.74,Entertainment,Cash
682,2022-07-01,1033.62,Medical,Debit Card
683,2023-11-24,1787.77,Transportation,Cash
684,2022-10-02,778.08,Medical,Debit Card
685,2023-01-13,6520.85,Dine Out,Mobile Payment
686,2023-02-28,6768.08,Clothing,Debit Card
687,2022-05-22,2557.47,Entertainment,Credit Card
688,2023-02-27,637.75,Medical,Cash
689,2022-09-19,8787.97,Dine Out,Credit Card
690,2023-05-06,5460.3,Medical,Credit Card
691,2022-10-03,6783.31,Utilities,Cash
692,2022-07-20,9845.43,Living Expenses,Mobile Payment
693,2022-12-15,2178.4,Utilities,Credit Card
694,2022-09-30,3823.26,Groceries,Debit Card
695,2023-01-09,8148.77,Living Expenses,Credit Card
696,2023-11-04,7730.52,Groceries,Debit Card
697,2023-07-05,2092.93,Groceries,Credit Card
698,2023-03-24,4613.45,Medical,Cash
699,2023-10-22,8594.17,Charity,Mobile Payment
700,2023-08-12,8282.81,Medical,Debit Card
701,2023-08-30,3724.84,Charity,Debit Card
702,2022-07-02,3800.72,Charity,Credit Card
703,2023-06-24,4121.45,Dine Out,Credit Card
704,2022-07-24,9989.48,Groceries,Cash
705,2023-11-24,831.76,Living Expenses,Mobile Payment
706,2023-07-14,6216.15,Medical,Debit Card
707,2022-11-20,4530.93,Dine Out,Cash
708,2023-10-23,5959.78,Groceries,Mobile Payment
709,2022-05-12,1743.76,Medical,Mobile Payment
710,2023-05-20,7640.4,Living Expenses,Credit Card
711,2023-08-07,6269.36,Transportation,Mobile Payment
712,2023-03-10,3956.38,Living Expenses,Debit Card
713,2023-07-06,1528.51,Medical,Credit Card
714,2023-02-01,3502.63,Groceries,Debit Card
715,2023-12-07,9647.23,Entertainment,Debit Card
716,2023-11-25,8535.36,Dine Out,Debit Card
717,2023-02-06,5086.96,Utilities,Debit Card
718,2023-08-08,9869.18,Clothing,Cash
719,2022-02-21,2047.43,Charity,Cash
720,2022-11-14,3385.95,Medical,Cash
721,2022-08-22,6012.75,Charity,Credit Card
722,2022-04-01,1847.34,Entertainment,Credit Card
723,2023-12-16,9086.28,Living Expenses,Debit Card
724,2022-06-22,668.87,Groceries,Cash
725,2022-09-05,3007.95,Utilities,Credit Card
726,2022-03-24,6290.43,Dine Out,Debit Card
727,2022-02-17,1218.66,Dine Out,Mobile Payment
728,2023-01-22,7431.32,Clothing,Cash
729,2022-06-11,9374.73,Charity,Mobile Payment
730,2022-08-04,7433.71,Living Expenses,Mobile Payment
731,2023-06-04,6637.89,Clothing,Mobile Payment
732,2023-08-24,1775.37,Utilities,Mobile Payment
733,2023-02-28,9564.11,Transportation,Mobile Payment
734,2022-09-12,2325.23,Utilities,Credit Card
735,2022-07-01,8631.31,Groceries,Debit Card
736,2022-06-20,7752.19,Transportation,Cash
737,2022-01-06,8441.62,Utilities,Credit Card
738,2022-02-17,8481.7,Groceries,Debit Card
739,2023-12-01,5008.18,Clothing,Cash
740,2023-12-17,5487.92,Charity,Cash
741,2023-02-13,4044.75,Transportation,Debit Card
742,2022-11-19,6957.38,Dine Out,Credit Card
743,2022-10-22,2632.36,Charity,Mobile Payment
744,2023-03-06,3137.04,Charity,Debit Card
745,2022-11-21,2562.41,Medical,Mobile Payment
746,2023-09-20,5158.42,Transportation,Mobile Payment
747,2022-11-09,3339.14,Utilities,Debit Card
748,2022-01-27,5147.68,Charity,Debit Card
749,2023-01-20,6454.39,Dine Out,Debit Card
750,2022-03-04,5884.3,Clothing,Credit Card
751,2022-10-05,9317.94,Utilities,Cash
752,2022-12-18,140.2,Dine Out,Cash
753,2023-07-23,2781.13,Dine Out,Mobile Payment
754,2022-10-14,5599.99,Transportation,Mobile Payment
755,2023-02-28,925.46,Utilities,Cash
756,2022-01-24,6717.87,Transportation,Debit Card
757,2022-09-29,8286.71,Living Expenses,Cash
758,2022-01-07,3013.49,Living Expenses,Cash
759,2023-06-20,5210.94,Charity,Debit Card
760,2022-09-20,9063.61,Medical,Credit Card
761,2023-04-12,2728.22,Medical,Debit Card
762,2023-04-27,2227.08,Entertainment,Mobile Payment
763,2022-05-07,2695.24,Transportation,Debit Card
764,2022-12-29,4486.91,Living Expenses,Debit Card
765,2023-03-03,4584.15,Transportation,Credit Card
766,2023-01-08,6958.82,Medical,Debit Card
767,2022-12-13,348.41,Medical,Debit Card
768,2023-11-05,5445.37,Utilities,Credit Card
769,2022-03-20,3387.97,Medical,Debit Card
770,2023-07-11,5322.51,Clothing,Cash
771,2022-08-03,5274.65,Entertainment,Credit Card
772,2023-03-14,7997.1,Groceries,Mobile Payment
773,2023-06-18,493.78,Charity,Debit Card
774,2022-08-27,8425.26,Clothing,Cash
775,2023-12-11,361.71,Medical,Credit Card
776,2022-02-21,5626.11,Transportation,Debit Card
777,2022-12-06,5173.79,Living Expenses,Debit Card
778,2023-05-02,9259.03,Charity,Mobile Payment
779,2023-01-06,4388.99,Utilities,Debit Card
780,2022-08-21,7716.49,Charity,Debit Card
781,2022-10-01,2073.62,Utilities,Cash
782,2022-10-25,4647.44,Living Expenses,Debit Card
783,2023-07-03,5562.86,Transportation,Debit Card
784,2023-02-01,1262.18,Entertainment,Debit Card
785,2022-01-19,7449.51,Charity,Credit Card
786,2022-10-15,9560.16,Living Expenses,Mobile Payment
787,2023-12-25,624.02,Utilities,Credit Card
788,2022-06-14,6141.38,Dine Out,Mobile Payment
789,2022-01-08,9834.83,Medical,Mobile Payment
790,2023-05-22,5364.88,Transportation,Cash
791,2022-01-29,7867.9,Transportation,Cash
792,2023-07-08,4944.61,Transportation,Mobile Payment
793,2023-04-18,6549.84,Utilities,Mobile Payment
794,2022-07-25,3787.45,Groceries,Credit Card
795,2022-09-02,5557.51,Medical,Cash
796,2022-06-16,4652.76,Clothing,Credit Card
797,2023-09-05,5549.72,Entertainment,Credit Card
798,2023-11-30,403.57,Groceries,Cash
799,2022-01-04,6316.69,Dine Out,Credit Card
800,2022-01-28,860.21,Charity,Credit Card
801,2023-11-26,9090.03,Dine Out,Cash
802,2022-05-22,3139.04,Medical,Debit Card
803,2023-05-08,284.72,Dine Out,Cash
804,2023-01-20,1462.49,Utilities,Credit Card
805,2022-10-29,1823.27,Medical,Debit Card
806,2022-08-11,7067.33,Clothing,Credit Card
807,2022-12-18,4758.13,Utilities,Cash
808,2023-04-19,5078.65,Utilities,Cash
809,2023-04-25,6322.64,Charity,Credit Card
810,2023-01-13,8373.55,Transportation,Credit Card
811,2022-10-22,9521.72,Living Expenses,Debit Card
812,2022-09-27,1739.96,Groceries,Debit Card
813,2022-01-17,8039.05,Entertainment,Debit Card
814,2022-10-28,6149.55,Groceries,Debit Card
815,2022-11-08,5704.15,Dine Out,Cash
816,2023-05-29,8308.1,Living Expenses,Mobile Payment
817,2023-12-18,6144.87,Clothing,Cash
818,2023-04-15,7984.84,Groceries,Debit Card
819,2022-08-14,8860.92,Medical,Credit Card
820,2023-08-10,15.39,Living Expenses,Cash
821,2023-05-13,8393.94,Transportation,Cash
822,2023-03-11,931.74,Entertainment,Debit Card
823,2023-01-08,2820.16,Dine Out,Mobile Payment
824,2023-09-11,6184.81,Charity,Mobile Payment
825,2023-06-11,3137.18,Clothing,Mobile Payment
826,2022-11-02,7414.15,Dine Out,Mobile Payment
827,2023-10-06,705.66,Dine Out,Mobile Payment
828,2023-01-23,1032.13,Medical,Mobile Payment
829,2022-04-27,1144.84,Clothing,Mobile Payment
830,2023-09-03,5688.85,Medical,Cash
831,2022-05-24,2481.04,Living Expenses,Mobile Payment
832,2022-12-12,8061.46,Transportation,Debit Card
833,2022-03-19,3202.22,Entertainment,Credit Card
834,2022-05-24,7783.04,Utilities,Debit Card
835,2023-03-14,6586.56,Living Expenses,Credit Card
836,2022-07-09,7686.44,Living Expenses,Debit Card
837,2023-03-12,6100.69,Entertainment,Credit Card
838,2023-06-17,622.92,Transportation,Cash
839,2022-01-17,3863.5,Living Expenses,Cash
840,2022-06-23,7860.47,Clothing,Credit Card
841,2023-11-25,8677.69,Utilities,Credit Card
842,2022-02-09,7740.44,Clothing,Debit Card
843,2023-08-12,5225.31,Entertainment,Mobile Payment
844,2022-12-28,336.91,Groceries,Credit Card
845,2022-10-19,3214.08,Living Expenses,Mobile Payment
846,2023-10-14,4202.33,Entertainment,Debit Card
847,2022-01-21,5704.76,Transportation,Debit Card
848,2022-08-02,9200.71,Entertainment,Cash
849,2022-04-04,5751.54,Utilities,Cash
850,2023-08-26,2585.29,Transportation,Mobile Payment
851,2023-11-25,1479.2,Transportation,Cash
852,2023-08-29,3338.78,Utilities,Credit Card
853,2023-09-15,293.65,Medical,Credit Card
854,2022-02-12,7485.57,Medical,Cash
855,2022-12-20,6137.46,Transportation,Credit Card
856,2023-10-16,4960.66,Utilities,Credit Card
857,2023-09-26,5636.02,Charity,Cash
858,2022-05-03,4004.95,Utilities,Credit Card
859,2023-10-25,8358.46,Medical,Debit Card
860,2023-11-03,9341.38,Groceries,Cash
861,2022-07-28,1392.58,Clothing,Mobile Payment
862,2022-08-27,2426.76,Entertainment,Debit Card
863,2023-05-18,3440.59,Charity,Cash
864,2023-11-18,3231.46,Groceries,Credit Card
865,2022-06-05,7272.48,Clothing,Credit Card
866,2023-07-05,9016.64,Transportation,Credit Card
867,2022-12-30,4515.38,Living Expenses,Debit Card
868,2022-04-23,361.34,Charity,Debit Card
869,2022-08-14,3844.51,Transportation,Mobile Payment
870,2023-11-07,9941.8,Transportation,Credit Card
871,2023-02-26,2106.74,Medical,Cash
872,2023-06-14,6470.19,Clothing,Credit Card
873,2022-07-16,7633.36,Medical,Cash
874,2023-06-06,3723.07,Clothing,Mobile Payment
875,2023-11-26,7923.6,Dine Out,Debit Card
876,2023-04-29,7575.83,Transportation,Cash
877,2023-12-07,3183.27,Transportation,Credit Card
878,2022-12-12,9037.42,Clothing,Cash
879,2023-12-20,6058.48,Clothing,Cash
880,2023-03-02,9788.79,Charity,Cash
881,2022-03-25,7712.17,Charity,Credit Card
882,2022-11-17,6234.82,Transportation,Cash
883,2023-01-23,1947.6,Dine Out,Mobile Payment
884,2022-06-26,5510.74,Clothing,Debit Card
885,2023-01-11,2645.25,Charity,Debit Card
886,2022-11-09,8467.56,Medical,Credit Card
887,2023-03-02,8756.44,Transportation,Mobile Payment
888,2023-08-13,9849.09,Groceries,Mobile Payment
889,2023-01-24,3458.6,Clothing,Credit Card
890,2022-10-03,4744.19,Utilities,Cash
891,2023-02-03,8538.05,Clothing,Mobile Payment
892,2022-01-17,9476.72,Medical,Debit Card
893,2022-11-25,4704.16,Charity,Cash
894,2022-01-01,8736.22,Medical,Cash
895,2022-08-14,7856.23,Living Expenses,Credit Card
896,2022-01-21,2106.66,Clothing,Credit Card
897,2022-09-19,7021.9,Groceries,Cash
898,2023-06-12,2336.53,Groceries,Debit Card
899,2022-08-16,6505.57,Living Expenses,Debit Card
900,2022-10-24,8116.29,Entertainment,Debit Card
901,2022-01-20,2513.27,Entertainment,Cash
902,2022-03-17,3699.4,Utilities,Credit Card
903,2023-04-22,4873.56,Dine Out,Credit Card
904,2023-03-04,5587.43,Medical,Credit Card
905,2023-07-10,8617.04,Transportation,Mobile Payment
906,2023-04-15,4314.43,Entertainment,Cash
907,2022-11-07,8100.84,Medical,Credit Card
908,2023-02-18,5126.16,Dine Out,Credit Card
909,2023-10-14,9421.27,Living Expenses,Credit Card
910,2022-12-09,509.77,Charity,Cash
911,2022-08-17,8340.11,Entertainment,Cash
912,2022-08-17,4978.19,Groceries,Credit Card
913,2022-03-21,7231.6,Entertainment,Mobile Payment
914,2022-07-14,3162.12,Dine Out,Debit Card
915,2023-09-29,8752.82,Entertainment,Mobile Payment
916,2022-02-18,4745.16,Utilities,Debit Card
917,2022-06-01,9751.09,Medical,Mobile Payment
918,2023-11-02,5902.72,Clothing,Credit Card
919,2022-01-22,2211.92,Entertainment,Mobile Payment
920,2023-01-18,2700.04,Utilities,Debit Card
921,2022-05-19,1003.49,Living Expenses,Cash
922,2023-10-15,7491.98,Groceries,Credit Card
923,2022-02-07,5600.73,Clothing,Credit Card
924,2022-11-05,5935.98,Charity,Cash
925,2022-07-22,8822.22,Living Expenses,Cash
926,2022-01-16,4180.42,Transportation,Debit Card
927,2022-03-14,3570.93,Groceries,Mobile Payment
928,2022-05-12,3158.06,Clothing,Cash
929,2023-01-19,8210.33,Clothing,Debit Card
930,2022-03-27,4352.58,Transportation,Mobile Payment
931,2023-11-04,9772.3,Dine Out,Debit Card
932,2023-12-17,3534.07,Groceries,Cash
933,2023-07-06,2568.35,Entertainment,Credit Card
934,2023-05-16,2409.05,Entertainment,Debit Card
935,2023-10-27,8987.69,Dine Out,Debit Card
936,2023-08-04,7936.27,Dine Out,Mobile Payment
937,2022-09-06,9017.2,Medical,Credit Card
938,2022-06-03,2762.07,Utilities,Debit Card
939,2022-03-02,2307.51,Dine Out,Cash
940,2022-09-24,9233.62,Groceries,Mobile Payment
941,2022-01-01,7360.42,Groceries,Debit Card
942,2022-11-04,916.58,Clothing,Credit Card
943,2022-03-03,4778.16,Living Expenses,Debit Card
944,2022-07-30,7069.81,Charity,Credit Card
945,2023-10-26,5483.71,Clothing,Credit Card
946,2022-02-21,2261.0,Clothing,Debit Card
947,2022-09-03,3642.39,Clothing,Credit Card
948,2022-03-14,2001.9,Clothing,Mobile Payment
949,2023-06-06,8473.76,Clothing,Credit Card
950,2023-10-19,2159.11,Living Expenses,Mobile Payment
951,2023-09-17,7887.87,Clothing,Debit Card
952,2022-04-24,3430.31,Dine Out,Debit Card
953,2022-12-04,2159.04,Dine Out,Debit Card
954,2022-01-10,7717.64,Transportation,Mobile Payment
955,2023-03-15,5612.96,Dine Out,Mobile Payment
956,2023-07-05,7342.97,Utilities,Cash
957,2023-07-21,519.0,Clothing,Mobile Payment
958,2022-11-06,8437.04,Clothing,Debit Card
959,2023-08-13,1527.86,Groceries,Mobile Payment
960,2023-03-02,7616.2,Transportation,Mobile Payment
961,2023-10-23,379.69,Groceries,Mobile Payment
962,2022-04-29,8321.89,Charity,Credit Card
963,2022-04-24,7149.89,Charity,Cash
964,2022-02-09,9267.42,Clothing,Cash
965,2023-12-03,3726.57,Dine Out,Mobile Payment
966,2022-03-13,4182.64,Utilities,Credit Card
967,2022-07-15,1561.96,Living Expenses,Mobile Payment
968,2023-08-28,3296.25,Utilities,Mobile Payment
969,2022-10-22,3737.92,Dine Out,Cash
970,2022-07-13,3846.11,Groceries,Credit Card
971,2022-12-22,5082.25,Entertainment,Cash
972,2023-08-11,6318.66,Dine Out,Credit Card
973,2022-02-24,9492.94,Entertainment,Debit Card
974,2023-09-11,2431.6,Transportation,Cash
975,2023-08-23,8420.37,Charity,Mobile Payment
976,2023-03-23,5735.11,Charity,Mobile Payment
977,2023-12-21,261.05,Living Expenses,Debit Card
978,2022-09-01,8488.39,Transportation,Cash
979,2023-12-18,9868.32,Groceries,Cash
980,2022-04-23,7841.28,Entertainment,Credit Card
981,2023-03-08,4381.46,Dine Out,Cash
982,2022-01-13,7215.59,Clothing,Debit Card
983,2023-04-22,2724.99,Charity,Debit Card
984,2023-05-30,3942.57,Dine Out,Cash
985,2022-08-24,1951.97,Clothing,Mobile Payment
986,2023-10-27,5463.92,Transportation,Debit Card
987,2022-01-11,6960.17,Groceries,Cash
988,2022-10-13,7545.05,Entertainment,Cash
989,2022-06-06,1866.87,Charity,Mobile Payment
990,2022-03-09,3881.56,Living Expenses,Credit Card
991,2022-09-10,7443.4,Charity,Cash
992,2023-09-18,107.15,Entertainment,Credit Card
993,2023-04-02,3342.04,Living Expenses,Debit Card
994,2023-06-08,3374.98,Medical,Debit Card
995,2022-09-22,5830.01,Charity,Credit Card
996,2022-08-17,2823.43,Groceries,Credit Card
997,2023-04-03,7390.74,Clothing,Debit Card
998,2022-04-18,6407.17,Entertainment,Cash
999,2022-02-28,6565.37,Living Expenses,Cash
1000,2022-02-10,4487.17,Utilities,Cash
